filename	query	DonorMC	ReceptorMC	format	pattern
AEI26010	AEI26010	Prokaryota	Opisthokonta	nexus	Patchy_phylogeny
AEJ72892	AEJ72892	Prokaryota	Opisthokonta	nexus	Patchy_phylogeny
AEJ72894	AEJ72894	Prokaryota	Opisthokonta	nexus	Patchy_phylogeny
AEJ72900	AEJ72900	Prokaryota	Opisthokonta	nexus	Limited_donor_evidence
AEJ72919	AEJ72919	Prokaryota	Opisthokonta	nexus	Limited_donor_evidence
AEJ72920	AEJ72920	Prokaryota	Opisthokonta	nexus	Patchy_phylogeny
AEJ72929	AEJ72929	Prokaryota	Opisthokonta	nexus	Patchy_phylogeny
AEM76962	AEM76962	Prokaryota	Opisthokonta	nexus	Patchy_phylogeny
AEO55424	AEO55424	Prokaryota	Opisthokonta	nexus	multiple_MC
APC57595	APC57595	Prokaryota	Opisthokonta	nexus	NoHGT
BAE59540	BAE59540	Prokaryota	Opisthokonta	nexus	Limited_donor_evidence
CAA38795	CAA38795	Prokaryota	Opisthokonta	nexus	Patchy_phylogeny
CAA47754	CAA47754	Prokaryota	Opisthokonta	nexus	Limited_donor_evidence
CAB37186	CAB37186	Prokaryota	Opisthokonta	nexus	Patchy_phylogeny
CAK96875	CAK96875	Prokaryota	Opisthokonta	nexus	multiple_MC
CCC05617	CCC05617	Prokaryota	Opisthokonta	nexus	iHGT
CCC05619	CCC05619	Prokaryota	Opisthokonta	nexus	iHGT
CCC05620	CCC05620	Prokaryota	Opisthokonta	nexus	iHGT
CCC05632	CCC05632	Prokaryota	Opisthokonta	nexus	Patchy_phylogeny
CCC05675	CCC05675	Prokaryota	Opisthokonta	nexus	iHGT
CCC05706	CCC05706	Prokaryota	Opisthokonta	nexus	iHGT
CCC05715	CCC05715	Prokaryota	Opisthokonta	nexus	iHGT
CCC05716	CCC05716	Prokaryota	Opisthokonta	nexus	iHGT
CCC05729	CCC05729	Prokaryota	Opisthokonta	nexus	iHGT
CCC05735	CCC05735	Prokaryota	Opisthokonta	nexus	iHGT
CCC05737	CCC05737	Prokaryota	Opisthokonta	nexus	iHGT
CCC05740	CCC05740	Prokaryota	Opisthokonta	nexus	iHGT
CCC05745	CCC05745	Prokaryota	Opisthokonta	nexus	iHGT
CCC05752	CCC05752	Prokaryota	Opisthokonta	nexus	iHGT
CCC05754	CCC05754	Prokaryota	Opisthokonta	nexus	iHGT
CCC05761	CCC05761	Prokaryota	Opisthokonta	nexus	iHGT
CCC05776	CCC05776	Prokaryota	Opisthokonta	nexus	iHGT
CCC05778	CCC05778	Prokaryota	Opisthokonta	nexus	iHGT
CCC14605	CCC14605	Prokaryota	Opisthokonta	nexus	iHGT
CCC14606	CCC14606	Prokaryota	Opisthokonta	nexus	iHGT
CCC14611	CCC14611	Prokaryota	Opisthokonta	nexus	Patchy_phylogeny
CCC14612	CCC14612	Prokaryota	Opisthokonta	nexus	Patchy_phylogeny
CCC14775	CCC14775	Prokaryota	Opisthokonta	nexus	Patchy_phylogeny
CCF36198	CCF36198	Prokaryota	Opisthokonta	nexus	multiple_MC
CEJ62933	CEJ62933	Prokaryota	Opisthokonta	nexus	Patchy_phylogeny
CEJ62934	CEJ62934	Prokaryota	Opisthokonta	nexus	multiple_MC
CEJ62935	CEJ62935	Prokaryota	Opisthokonta	nexus	Patchy_phylogeny
CEJ62936	CEJ62936	Prokaryota	Opisthokonta	nexus	Patchy_phylogeny
CEJ62947	CEJ62947	Prokaryota	Opisthokonta	nexus	iHGT
CRG92929	CRG92929	Prokaryota	Opisthokonta	nexus	iHGT
CRK22920	CRK22920	Prokaryota	Opisthokonta	nexus	Limited_donor_evidence
CRK35267	CRK35267	Prokaryota	Opisthokonta	nexus	Limited_donor_evidence
EAA34247	EAA34247	Prokaryota	Opisthokonta	nexus	NoHGT
EAQ84402	EAQ84402	Prokaryota	Opisthokonta	nexus	multiple_MC
EAW08583	EAW08583	Prokaryota	Opisthokonta	nexus	iHGT
EED44706	EED44706	Prokaryota	Opisthokonta	nexus	Limited_donor_evidence
EED44707	EED44707	Prokaryota	Opisthokonta	nexus	iHGT
EED45029	EED45029	Prokaryota	Opisthokonta	nexus	Limited_donor_evidence
EED51137	EED51137	Prokaryota	Opisthokonta	nexus	Limited_donor_evidence
EED52087	EED52087	Prokaryota	Opisthokonta	nexus	iHGT
EEU34089	EEU34089	Prokaryota	Opisthokonta	nexus	Patchy_phylogeny
EFQ24841	EFQ24841	Prokaryota	Opisthokonta	nexus	Patchy_phylogeny
EFQ87195	EFQ87195	Prokaryota	Opisthokonta	nexus	NoHGT
EFQ91084	EFQ91084	Prokaryota	Opisthokonta	nexus	Limited_donor_evidence
EFY85310	EFY85310	Prokaryota	Opisthokonta	nexus	iHGT
EGU76839	EGU76839	Prokaryota	Opisthokonta	nexus	NoHGT
EGU83363	EGU83363	Prokaryota	Opisthokonta	nexus	NoHGT
EGU84956	EGU84956	Prokaryota	Opisthokonta	nexus	NoHGT
EGX45489	EGX45489	Prokaryota	Opisthokonta	nexus	Limited_donor_evidence
EGX48435	EGX48435	Prokaryota	Opisthokonta	nexus	Limited_donor_evidence
EGX49805	EGX49805	Prokaryota	Opisthokonta	nexus	Limited_donor_evidence
EGX52451	EGX52451	Prokaryota	Opisthokonta	nexus	Limited_donor_evidence
EGX52552	EGX52552	Prokaryota	Opisthokonta	nexus	Patchy_phylogeny
EGX52553	EGX52553	Prokaryota	Opisthokonta	nexus	iHGT
EGX54119	EGX54119	Prokaryota	Opisthokonta	nexus	Patchy_phylogeny
EGX87621	EGX87621	Prokaryota	Opisthokonta	nexus	Patchy_phylogeny
EGZ70911	EGZ70911	Prokaryota	Opisthokonta	nexus	Limited_donor_evidence
EHK51157	EHK51157	Prokaryota	Opisthokonta	nexus	Patchy_phylogeny
EKG08841	EKG08841	Prokaryota	Opisthokonta	nexus	multiple_MC
EKG08909	EKG08909	Prokaryota	Opisthokonta	nexus	iHGT
EMD85028	EMD85028	Prokaryota	Opisthokonta	nexus	NoHGT
EMD85945	EMD85945	Archaeplastida	Opisthokonta	nexus	multiple_MC
EMD93446	EMD93446	Archaeplastida	Opisthokonta	nexus	multiple_MC
EMF08756	EMF08756	Prokaryota	Opisthokonta	nexus	NoHGT
EMT63604	EMT63604	Prokaryota	Opisthokonta	nexus	NoHGT
EMT68069	EMT68069	Prokaryota	Opisthokonta	nexus	NoHGT
ENH62594	ENH62594	Prokaryota	Opisthokonta	nexus	NoHGT
ENH65419	ENH65419	Prokaryota	Opisthokonta	nexus	NoHGT
ENH68838	ENH68838	Prokaryota	Opisthokonta	nexus	NoHGT
EPE32803	EPE32803	Prokaryota	Opisthokonta	nexus	multiple_MC
EPS32030	EPS32030	Prokaryota	Opisthokonta	nexus	NoHGT
EPS32043	EPS32043	Prokaryota	Opisthokonta	nexus	NoHGT
EPS32044	EPS32044	Archaeplastida	Opisthokonta	nexus	Limited_donor_evidence
EPS32045	EPS32045	Prokaryota	Opisthokonta	nexus	NoHGT
EQB47033	EQB47033	Prokaryota	Opisthokonta	nexus	iHGT
EQB47035	EQB47035	Prokaryota	Opisthokonta	nexus	iHGT
EQB48863	EQB48863	Prokaryota	Opisthokonta	nexus	iHGT
EQB49680	EQB49680	Prokaryota	Opisthokonta	nexus	iHGT
EQB53828	EQB53828	Prokaryota	Opisthokonta	nexus	NoHGT
EQK98910	EQK98910	Prokaryota	Opisthokonta	nexus	NoHGT
EQK98913	EQK98913	Archaeplastida	Opisthokonta	nexus	NoHGT
EQK99821	EQK99821	Prokaryota	Opisthokonta	nexus	Limited_donor_evidence
EQL02364	EQL02364	Prokaryota	Opisthokonta	nexus	NoHGT
EQL02365	EQL02365	Prokaryota	Opisthokonta	nexus	NoHGT
EQL03042	EQL03042	Prokaryota	Opisthokonta	nexus	NoHGT
ETS81808	ETS81808	Prokaryota	Opisthokonta	nexus	Limited_donor_evidence
EUC27147	EUC27147	Prokaryota	Opisthokonta	nexus	Limited_donor_evidence
EUC31191	EUC31191	Prokaryota	Opisthokonta	nexus	multiple_MC
EWG39554	EWG39554	Archaeplastida	Opisthokonta	nexus	Limited_donor_evidence
EWG40287	EWG40287	Prokaryota	Opisthokonta	nexus	NoHGT
EWG42777	EWG42777	Prokaryota	Opisthokonta	nexus	NoHGT
EWY88991	EWY88991	Prokaryota	Opisthokonta	nexus	NoHGT
EWY90871	EWY90871	Prokaryota	Opisthokonta	nexus	NoHGT
EWZ02585	EWZ02585	Prokaryota	Opisthokonta	nexus	NoHGT
GAW25980	GAW25980	Prokaryota	Opisthokonta	nexus	multiple_MC
KAA8893860	KAA8893860	Prokaryota	Opisthokonta	nexus	multiple_MC
KAB8203777	KAB8203777	Prokaryota	Opisthokonta	nexus	Limited_donor_evidence
KAB8219465	KAB8219465	Prokaryota	Opisthokonta	nexus	Limited_donor_evidence
KAB8227358	KAB8227358	Prokaryota	Opisthokonta	nexus	iHGT
KAB8240097	KAB8240097	Prokaryota	Opisthokonta	nexus	Limited_donor_evidence
KAB8264272	KAB8264272	Prokaryota	Opisthokonta	nexus	Limited_donor_evidence
KAE8133809	KAE8133809	Prokaryota	Opisthokonta	nexus	Limited_donor_evidence
KAE8167865	KAE8167865	Prokaryota	Opisthokonta	nexus	Limited_donor_evidence
KAE8361477	KAE8361477	Prokaryota	Opisthokonta	nexus	Limited_donor_evidence
KAE8373864	KAE8373864	Prokaryota	Opisthokonta	nexus	iHGT
KAF2867807	KAF2867807	Prokaryota	Opisthokonta	nexus	iHGT
KDN68594	KDN68594	Prokaryota	Opisthokonta	nexus	NoHGT
KFZ02890	KFZ02890	Prokaryota	Opisthokonta	nexus	Patchy_phylogeny
KIN06857	KIN06857	Prokaryota	Opisthokonta	nexus	multiple_MC
KIW11027	KIW11027	Prokaryota	Opisthokonta	nexus	iHGT
KJK60778	KJK60778	Prokaryota	Opisthokonta	nexus	Limited_donor_evidence
KKY14938	KKY14938	Prokaryota	Opisthokonta	nexus	multiple_MC
KKY14939	KKY14939	Prokaryota	Opisthokonta	nexus	multiple_MC
KMU75267	KMU75267	Prokaryota	Opisthokonta	nexus	iHGT
KMU76118	KMU76118	Prokaryota	Opisthokonta	nexus	iHGT
KMU76121	KMU76121	Prokaryota	Opisthokonta	nexus	iHGT
KNA99591	KNA99591	Prokaryota	Opisthokonta	nexus	NoHGT
KNB02586	KNB02586	Prokaryota	Opisthokonta	nexus	NoHGT
KNB05243	KNB05243	Prokaryota	Opisthokonta	nexus	NoHGT
KPM36340	KPM36340	Sar	Opisthokonta	nexus	Limited_donor_evidence
KUM59616	KUM59616	Prokaryota	Opisthokonta	nexus	Limited_donor_evidence
KXT04062	KXT04062	Archaeplastida	Opisthokonta	nexus	Limited_donor_evidence
OAA34552	OAA34552	Prokaryota	Opisthokonta	nexus	iHGT
OAA65313	OAA65313	Prokaryota	Opisthokonta	nexus	multiple_MC
OAG05459	OAG05459	Prokaryota	Opisthokonta	nexus	Limited_donor_evidence
OAG13539	OAG13539	Prokaryota	Opisthokonta	nexus	NoHGT
OAG13553	OAG13553	Prokaryota	Opisthokonta	nexus	NoHGT
OAG13589	OAG13589	Prokaryota	Opisthokonta	nexus	NoHGT
OAG13596	OAG13596	Prokaryota	Opisthokonta	nexus	NoHGT
OAG23012	OAG23012	Prokaryota	Opisthokonta	nexus	NoHGT
OAG23014	OAG23014	Prokaryota	Opisthokonta	nexus	NoHGT
OAG23022	OAG23022	Prokaryota	Opisthokonta	nexus	NoHGT
OAG24496	OAG24496	Prokaryota	Opisthokonta	nexus	NoHGT
OAQ57238	OAQ57238	Prokaryota	Opisthokonta	nexus	Limited_donor_evidence
OAQ57937	OAQ57937	Prokaryota	Opisthokonta	nexus	Limited_donor_evidence
OAQ63867	OAQ63867	Prokaryota	Opisthokonta	nexus	Patchy_phylogeny
OAQ75893	OAQ75893	Prokaryota	Opisthokonta	nexus	Limited_donor_evidence
OAQ77865	OAQ77865	Prokaryota	Opisthokonta	nexus	Limited_donor_evidence
OAQ81693	OAQ81693	Prokaryota	Opisthokonta	nexus	Limited_donor_evidence
OAQ84353	OAQ84353	Prokaryota	Opisthokonta	nexus	Limited_donor_evidence
OAQ88193	OAQ88193	Prokaryota	Opisthokonta	nexus	Limited_donor_evidence
OAQ95610	OAQ95610	Prokaryota	Opisthokonta	nexus	Limited_donor_evidence
OBT69206	OBT69206	Prokaryota	Opisthokonta	nexus	Limited_donor_evidence
OGM49770	OGM49770	Prokaryota	Opisthokonta	nexus	Limited_donor_evidence
OJD28593	OJD28593	Prokaryota	Opisthokonta	nexus	iHGT
OJD28596	OJD28596	Prokaryota	Opisthokonta	nexus	iHGT
OJD28597	OJD28597	Prokaryota	Opisthokonta	nexus	iHGT
OJD28603	OJD28603	Prokaryota	Opisthokonta	nexus	multiple_MC
OJD29193	OJD29193	Sar	Opisthokonta	nexus	Limited_donor_evidence
OJJ41970	OJJ41970	Prokaryota	Opisthokonta	nexus	Patchy_phylogeny
OJJ44073	OJJ44073	Prokaryota	Opisthokonta	nexus	Patchy_phylogeny
OJJ61697	OJJ61697	Prokaryota	Opisthokonta	nexus	Limited_donor_evidence
OOF89854	OOF89854	Prokaryota	Opisthokonta	nexus	iHGT
OOF90473	OOF90473	Prokaryota	Opisthokonta	nexus	iHGT
OOF90474	OOF90474	Prokaryota	Opisthokonta	nexus	iHGT
OOF90475	OOF90475	Prokaryota	Opisthokonta	nexus	iHGT
OOF90476	OOF90476	Prokaryota	Opisthokonta	nexus	Patchy_phylogeny
OOF90477	OOF90477	Prokaryota	Opisthokonta	nexus	iHGT
OOF90479	OOF90479	Prokaryota	Opisthokonta	nexus	iHGT
OOF90487	OOF90487	Prokaryota	Opisthokonta	nexus	iHGT
OOO15185	OOO15185	Prokaryota	Opisthokonta	nexus	Limited_donor_evidence
OQD98734	OQD98734	Prokaryota	Opisthokonta	nexus	Patchy_phylogeny
PCD41346	PCD41346	Prokaryota	Opisthokonta	nexus	NoHGT
PNP75179	PNP75179	Archaeplastida	Opisthokonta	nexus	Limited_donor_evidence
PNP77248	PNP77248	Prokaryota	Opisthokonta	nexus	NoHGT
PNP77938	PNP77938	Prokaryota	Opisthokonta	nexus	NoHGT
POS76181	POS76181	Prokaryota	Opisthokonta	nexus	NoHGT
PPJ59013	PPJ59013	Prokaryota	Opisthokonta	nexus	Patchy_phylogeny
PSK46672	PSK46672	Prokaryota	Opisthokonta	nexus	Limited_donor_evidence
PSN70973	PSN70973	Prokaryota	Opisthokonta	nexus	NoHGT
PSN74715	PSN74715	Prokaryota	Opisthokonta	nexus	NoHGT
RAR02177	RAR02177	Prokaryota	Opisthokonta	nexus	NoHGT
RAR02179	RAR02179	Prokaryota	Opisthokonta	nexus	NoHGT
RAR02180	RAR02180	Prokaryota	Opisthokonta	nexus	NoHGT
RDW59404	RDW59404	Prokaryota	Opisthokonta	nexus	Patchy_phylogeny
RJE16699	RJE16699	Prokaryota	Opisthokonta	nexus	Patchy_phylogeny
RJE17647	RJE17647	Prokaryota	Opisthokonta	nexus	Patchy_phylogeny
RMJ05178	RMJ05178	Prokaryota	Opisthokonta	nexus	iHGT
RMJ10533	RMJ10533	Prokaryota	Opisthokonta	nexus	Limited_donor_evidence
RMJ20019	RMJ20019	Prokaryota	Opisthokonta	nexus	iHGT
RMJ20352	RMJ20352	Prokaryota	Opisthokonta	nexus	iHGT
RMJ20361	RMJ20361	Prokaryota	Opisthokonta	nexus	iHGT
RMJ20428	RMJ20428	Prokaryota	Opisthokonta	nexus	iHGT
RMJ20448	RMJ20448	Prokaryota	Opisthokonta	nexus	iHGT
RMJ20493	RMJ20493	Prokaryota	Opisthokonta	nexus	iHGT
RMJ20512	RMJ20512	Prokaryota	Opisthokonta	nexus	iHGT
RMJ20514	RMJ20514	Prokaryota	Opisthokonta	nexus	iHGT
RMJ20557	RMJ20557	Prokaryota	Opisthokonta	nexus	iHGT
RMJ20564	RMJ20564	Prokaryota	Opisthokonta	nexus	iHGT
RMJ20575	RMJ20575	Prokaryota	Opisthokonta	nexus	iHGT
RMJ20576	RMJ20576	Prokaryota	Opisthokonta	nexus	iHGT
RMJ20590	RMJ20590	Prokaryota	Opisthokonta	nexus	iHGT
RMJ20603	RMJ20603	Prokaryota	Opisthokonta	nexus	iHGT
RMJ20604	RMJ20604	Prokaryota	Opisthokonta	nexus	iHGT
RMJ20635	RMJ20635	Prokaryota	Opisthokonta	nexus	Patchy_phylogeny
RMJ20653	RMJ20653	Prokaryota	Opisthokonta	nexus	multiple_MC
RMJ20661	RMJ20661	Prokaryota	Opisthokonta	nexus	iHGT
RMJ20664	RMJ20664	Prokaryota	Opisthokonta	nexus	iHGT
RMJ20676	RMJ20676	Prokaryota	Opisthokonta	nexus	iHGT
RMJ20681	RMJ20681	Prokaryota	Opisthokonta	nexus	iHGT
RMJ20690	RMJ20690	Prokaryota	Opisthokonta	nexus	iHGT
RMJ20715	RMJ20715	Prokaryota	Opisthokonta	nexus	Patchy_phylogeny
RMJ20721	RMJ20721	Prokaryota	Opisthokonta	nexus	iHGT
RMJ20724	RMJ20724	Prokaryota	Opisthokonta	nexus	iHGT
RMJ20725	RMJ20725	Prokaryota	Opisthokonta	nexus	iHGT
RMJ20739	RMJ20739	Prokaryota	Opisthokonta	nexus	iHGT
RMJ20743	RMJ20743	Prokaryota	Opisthokonta	nexus	iHGT
RMJ20759	RMJ20759	Prokaryota	Opisthokonta	nexus	Patchy_phylogeny
RMJ20946	RMJ20946	Prokaryota	Opisthokonta	nexus	Patchy_phylogeny
RMJ21198	RMJ21198	Prokaryota	Opisthokonta	nexus	iHGT
RMJ21199	RMJ21199	Prokaryota	Opisthokonta	nexus	iHGT
RMJ21201	RMJ21201	Prokaryota	Opisthokonta	nexus	Patchy_phylogeny
RMJ21202	RMJ21202	Prokaryota	Opisthokonta	nexus	iHGT
ROV86456	ROV86456	Prokaryota	Opisthokonta	nexus	multiple_MC
ROV86631	ROV86631	Prokaryota	Opisthokonta	nexus	Limited_donor_evidence
RZR63803	RZR63803	Prokaryota	Opisthokonta	nexus	iHGT
RZR66585	RZR66585	Prokaryota	Opisthokonta	nexus	NoHGT
RZR68534	RZR68534	Prokaryota	Opisthokonta	nexus	iHGT
RZR69541	RZR69541	Prokaryota	Opisthokonta	nexus	iHGT
RZR69872	RZR69872	Prokaryota	Opisthokonta	nexus	iHGT
RZR70247	RZR70247	Prokaryota	Opisthokonta	nexus	iHGT
TID02864	TID02864	Prokaryota	Opisthokonta	nexus	multiple_MC
TID02865	TID02865	Prokaryota	Opisthokonta	nexus	multiple_MC
TQB67431	TQB67431	Prokaryota	Opisthokonta	nexus	iHGT
TQB67434	TQB67434	Prokaryota	Opisthokonta	nexus	iHGT
TQB67435	TQB67435	Prokaryota	Opisthokonta	nexus	iHGT
TQB67471	TQB67471	Prokaryota	Opisthokonta	nexus	iHGT
TQN63560	TQN63560	Prokaryota	Opisthokonta	nexus	multiple_MC
TQS39022	TQS39022	Prokaryota	Opisthokonta	nexus	iHGT
TVY53095	TVY53095	Prokaryota	Opisthokonta	nexus	Patchy_phylogeny
Q4WBU1	Q4WBU1	Prokaryota	Opisthokonta	nexus	iHGT
Q4WC03	Q4WC03	Prokaryota	Opisthokonta	nexus	NoHGT
Q4WFW8	Q4WFW8	Prokaryota	Opisthokonta	nexus	iHGT
Q4WXG7	Q4WXG7	Prokaryota	Opisthokonta	nexus	NoHGT
Q4X1L0	Q4X1L0	Prokaryota	Opisthokonta	nexus	iHGT
Q4X1L1	Q4X1L1	Prokaryota	Opisthokonta	nexus	iHGT
Q6CGW9	Q6CGW9	Prokaryota	Opisthokonta	nexus	iHGT
Q2UN51	Q2UN51	Prokaryota	Opisthokonta	nexus	NoHGT
Q55KD9	Q55KD9	Prokaryota	Opisthokonta	nexus	Limited_donor_evidence
Q6BHZ0	Q6BHZ0	Prokaryota	Opisthokonta	nexus	iHGT
Q6BT83	Q6BT83	Prokaryota	Opisthokonta	nexus	Limited_donor_evidence
Q4HUA3	Q4HUA3	Prokaryota	Opisthokonta	nexus	iHGT
Q4HUF8	Q4HUF8	Prokaryota	Opisthokonta	nexus	NoHGT
Q4I1K0	Q4I1K0	Prokaryota	Opisthokonta	nexus	iHGT
Q4IK06	Q4IK06	Prokaryota	Opisthokonta	nexus	Limited_donor_evidence
Q4ILT3	Q4ILT3	Prokaryota	Opisthokonta	nexus	Limited_donor_evidence
Q4IRS4	Q4IRS4	Prokaryota	Opisthokonta	nexus	Limited_donor_evidence
Q4WAE7	Q4WAE7	Prokaryota	Opisthokonta	nexus	Patchy_phylogeny
7BWY_C	7BWY_C	Prokaryota	Opisthokonta	nexus	iHGT
OG5_137351	OG5_137351	Prokaryota	Amoebozoa	nexus	multiple_MC
OG5_152912	OG5_152912	Prokaryota	Amoebozoa	nexus	Limited_donor_evidence
OG5_168829	OG5_168829	Prokaryota	Amoebozoa	nexus	multiple_MC
OG5_152550	OG5_152550	Prokaryota	Amoebozoa	nexus	iHGT
OG5_152616	OG5_152616	Prokaryota	Amoebozoa	nexus	iHGT
OG5_168706	OG5_168706	Prokaryota	Amoebozoa	nexus	multiple_MC
OG5_169954	OG5_169954	Prokaryota	Amoebozoa	nexus	iHGT
OG5_135742	OG5_135742	Prokaryota	Amoebozoa	nexus	multiple_MC
OG5_142772	OG5_142772	Prokaryota	Amoebozoa	nexus	multiple_MC
OG5_133327	OG5_133327	Prokaryota	Amoebozoa	nexus	iHGT
OG5_141720	OG5_141720	Prokaryota	Amoebozoa	nexus	iHGT
OG5_144404	OG5_144404	Prokaryota	Amoebozoa	nexus	multiple_MC
OG5_144520	OG5_144520	Prokaryota	Amoebozoa	nexus	Limited_donor_evidence
OG5_149795	OG5_149795	Prokaryota	Amoebozoa	nexus	NoHGT
OG5_150450	OG5_150450	Prokaryota	Amoebozoa	nexus	NoHGT
OG5_153500	OG5_153500	Prokaryota	Amoebozoa	nexus	Patchy_phylogeny
OG5_157713	OG5_157713	Prokaryota	Amoebozoa	nexus	iHGT
OG5_158714	OG5_158714	Prokaryota	Amoebozoa	nexus	iHGT
OG5_158719	OG5_158719	Prokaryota	Amoebozoa	nexus	iHGT
OG5_168729	OG5_168729	Prokaryota	Amoebozoa	nexus	iHGT
OG5_168850	OG5_168850	Prokaryota	Amoebozoa	nexus	iHGT
OG5_168861	OG5_168861	Prokaryota	Amoebozoa	nexus	multiple_MC
OG5_171422	OG5_171422	Prokaryota	Amoebozoa	nexus	iHGT
OG5_145229	OG5_145229	Prokaryota	Amoebozoa	nexus	multiple_MC
OG5_161504	OG5_161504	Prokaryota	Amoebozoa	nexus	multiple_MC
OG5_135440	OG5_135440	Prokaryota	Opisthokonta	nexus	Patchy_phylogeny
OG5_141168	OG5_141168	Prokaryota	Opisthokonta	nexus	Limited_donor_evidence
OG5_152189	OG5_152189	Prokaryota	Opisthokonta	nexus	iHGT
OG5_133449	OG5_133449	Prokaryota	Opisthokonta	nexus	Limited_donor_evidence
OG5_136422	OG5_136422	Prokaryota	Opisthokonta	nexus	Limited_donor_evidence
OG5_146284	OG5_146284	Prokaryota	Opisthokonta	nexus	Limited_donor_evidence
OG5_131433	OG5_131433	Prokaryota	Opisthokonta	nexus	Limited_donor_evidence
OG5_136496	OG5_136496	Prokaryota	Opisthokonta	nexus	iHGT
OG5_137341	OG5_137341	Prokaryota	Opisthokonta	nexus	Limited_donor_evidence
OG5_142366	OG5_142366	Prokaryota	Opisthokonta	nexus	Limited_donor_evidence
OG5_135396	OG5_135396	Prokaryota	Opisthokonta	nexus	Limited_donor_evidence
OG5_136960	OG5_136960	Prokaryota	Opisthokonta	nexus	Patchy_phylogeny
OG5_139326	OG5_139326	Prokaryota	Opisthokonta	nexus	iHGT
OG5_144135	OG5_144135	Prokaryota	Opisthokonta	nexus	iHGT
OG5_144734	OG5_144734	Prokaryota	Opisthokonta	nexus	multiple_MC
OG5_149739	OG5_149739	Prokaryota	Opisthokonta	nexus	iHGT
OG5_153371	OG5_153371	Prokaryota	Opisthokonta	nexus	Limited_donor_evidence
OG5_155475	OG5_155475	Prokaryota	Opisthokonta	nexus	iHGT
OG5_163412	OG5_163412	Prokaryota	Opisthokonta	nexus	iHGT
OG5_131132	OG5_131132	Prokaryota	Opisthokonta	nexus	Limited_donor_evidence
OG5_137002	OG5_137002	Prokaryota	Opisthokonta	nexus	iHGT
OG5_139990	OG5_139990	Prokaryota	Opisthokonta	nexus	Limited_donor_evidence
OG5_140559	OG5_140559	Prokaryota	Opisthokonta	nexus	Limited_donor_evidence
OG5_153460	OG5_153460	Prokaryota	Opisthokonta	nexus	Limited_donor_evidence
OG5_146455	OG5_146455	Prokaryota	Opisthokonta	nexus	Limited_donor_evidence
OG5_137562	OG5_137562	Prokaryota	Opisthokonta	nexus	Limited_donor_evidence
OG5_138348	OG5_138348	Prokaryota	Opisthokonta	nexus	Limited_donor_evidence
OG5_131637	OG5_131637	Prokaryota	Opisthokonta	nexus	Limited_donor_evidence
OG5_135967	OG5_135967	Prokaryota	Opisthokonta	nexus	iHGT
OG5_136074	OG5_136074	Prokaryota	Opisthokonta	nexus	iHGT
OG5_136917	OG5_136917	Prokaryota	Opisthokonta	nexus	Limited_donor_evidence
OG5_138468	OG5_138468	Prokaryota	Opisthokonta	nexus	Limited_donor_evidence
OG5_140427	OG5_140427	Prokaryota	Opisthokonta	nexus	NoHGT
OG5_144505	OG5_144505	Prokaryota	Opisthokonta	nexus	Patchy_phylogeny
OG5_146865	OG5_146865	Prokaryota	Opisthokonta	nexus	multiple_MC
OG5_147034	OG5_147034	Prokaryota	Opisthokonta	nexus	iHGT
OG5_152123	OG5_152123	Prokaryota	Opisthokonta	nexus	Limited_donor_evidence
OG5_152316	OG5_152316	Prokaryota	Opisthokonta	nexus	Limited_donor_evidence
OG5_155231	OG5_155231	Prokaryota	Opisthokonta	nexus	multiple_MC
OG5_139279	OG5_139279	Prokaryota	Opisthokonta	nexus	iHGT
OG5_139328	OG5_139328	Prokaryota	Opisthokonta	nexus	iHGT
OG5_142765	OG5_142765	Prokaryota	Opisthokonta	nexus	iHGT
OG5_147640	OG5_147640	Prokaryota	Opisthokonta	nexus	Limited_donor_evidence
OG5_140261	OG5_140261	Prokaryota	Excavata	nexus	multiple_MC
OG5_144238	OG5_144238	Prokaryota	Opisthokonta	nexus	Limited_donor_evidence
OG5_149602	OG5_149602	Prokaryota	Opisthokonta	nexus	iHGT
OG5_149818	OG5_149818	Prokaryota	Opisthokonta	nexus	Patchy_phylogeny
OG5_155248	OG5_155248	Prokaryota	Opisthokonta	nexus	Limited_donor_evidence
OG5_159726	OG5_159726	Prokaryota	Opisthokonta	nexus	iHGT
OG5_137481	OG5_137481	Prokaryota	Opisthokonta	nexus	iHGT
OG5_138338	OG5_138338	Prokaryota	Opisthokonta	nexus	Limited_donor_evidence
OG5_127635	OG5_127635	Prokaryota	Opisthokonta	nexus	Limited_donor_evidence
OG5_130030	OG5_130030	Prokaryota	Opisthokonta	nexus	Limited_donor_evidence
OG5_130067	OG5_130067	Prokaryota	Excavata	nexus	multiple_MC
OG5_130469	OG5_130469	Prokaryota	Opisthokonta	nexus	Limited_donor_evidence
OG5_131043	OG5_131043	Prokaryota	Opisthokonta	nexus	iHGT
OG5_131262	OG5_131262	Prokaryota	Opisthokonta	nexus	Limited_donor_evidence
OG5_131336	OG5_131336	Prokaryota	Opisthokonta	nexus	Limited_donor_evidence
OG5_131754	OG5_131754	Prokaryota	Opisthokonta	nexus	multiple_MC
OG5_131966	OG5_131966	Prokaryota	Opisthokonta	nexus	Patchy_phylogeny
OG5_132149	OG5_132149	Prokaryota	Opisthokonta	nexus	iHGT
OG5_132150	OG5_132150	Prokaryota	Archaeplastida	nexus	Patchy_phylogeny
OG5_132156	OG5_132156	Prokaryota	Opisthokonta	nexus	Limited_donor_evidence
OG5_132382	OG5_132382	Prokaryota	Opisthokonta	nexus	Limited_donor_evidence
OG5_132746	OG5_132746	Prokaryota	Opisthokonta	nexus	iHGT
OG5_133095	OG5_133095	Prokaryota	Opisthokonta	nexus	Limited_donor_evidence
OG5_133121	OG5_133121	Prokaryota	Sar	nexus	Patchy_phylogeny
OG5_133244	OG5_133244	Prokaryota	Opisthokonta	nexus	iHGT
OG5_133349	OG5_133349	Prokaryota	Opisthokonta	nexus	iHGT
OG5_133973	OG5_133973	Prokaryota	Opisthokonta	nexus	iHGT
OG5_133998	OG5_133998	Prokaryota	Opisthokonta	nexus	iHGT
OG5_134004	OG5_134004	Prokaryota	Opisthokonta	nexus	iHGT
OG5_134073	OG5_134073	Prokaryota	Opisthokonta	nexus	Limited_donor_evidence
OG5_134703	OG5_134703	Prokaryota	Opisthokonta	nexus	Limited_donor_evidence
OG5_134808	OG5_134808	Prokaryota	Opisthokonta	nexus	Limited_donor_evidence
OG5_134933	OG5_134933	Prokaryota	Opisthokonta	nexus	iHGT
OG5_135109	OG5_135109	Prokaryota	Opisthokonta	nexus	iHGT
OG5_135671	OG5_135671	Prokaryota	Opisthokonta	nexus	iHGT
OG5_135861	OG5_135861	Prokaryota	Opisthokonta	nexus	iHGT
OG5_136108	OG5_136108	Prokaryota	Opisthokonta	nexus	iHGT
OG5_137350	OG5_137350	Prokaryota	Opisthokonta	nexus	Limited_donor_evidence
OG5_137844	OG5_137844	Prokaryota	Opisthokonta	nexus	iHGT
OG5_137942	OG5_137942	Prokaryota	Opisthokonta	nexus	iHGT
OG5_137943	OG5_137943	Prokaryota	Opisthokonta	nexus	iHGT
OG5_138433	OG5_138433	Prokaryota	Opisthokonta	nexus	Limited_donor_evidence
OG5_138479	OG5_138479	Prokaryota	Opisthokonta	nexus	iHGT
OG5_138565	OG5_138565	Prokaryota	Opisthokonta	nexus	iHGT
OG5_139285	OG5_139285	Prokaryota	Opisthokonta	nexus	iHGT
OG5_139355	OG5_139355	Prokaryota	Opisthokonta	nexus	NoHGT
OG5_139377	OG5_139377	Prokaryota	Opisthokonta	nexus	Limited_donor_evidence
OG5_140062	OG5_140062	Prokaryota	Opisthokonta	nexus	Limited_donor_evidence
OG5_140232	OG5_140232	Prokaryota	Opisthokonta	nexus	iHGT
OG5_140256	OG5_140256	Prokaryota	Opisthokonta	nexus	Patchy_phylogeny
OG5_140299	OG5_140299	Prokaryota	Opisthokonta	nexus	iHGT
OG5_140387	OG5_140387	Prokaryota	Opisthokonta	nexus	iHGT
OG5_141116	OG5_141116	Prokaryota	Opisthokonta	nexus	Patchy_phylogeny
OG5_141345	OG5_141345	Prokaryota	Opisthokonta	nexus	Limited_donor_evidence
OG5_141371	OG5_141371	Prokaryota	Opisthokonta	nexus	multiple_MC
OG5_141387	OG5_141387	Prokaryota	Opisthokonta	nexus	iHGT
OG5_141446	OG5_141446	Prokaryota	Opisthokonta	nexus	iHGT
OG5_141709	OG5_141709	Prokaryota	Opisthokonta	nexus	Limited_donor_evidence
OG5_142688	OG5_142688	Prokaryota	Opisthokonta	nexus	Patchy_phylogeny
OG5_142783	OG5_142783	Prokaryota	Opisthokonta	nexus	iHGT
OG5_142805	OG5_142805	Prokaryota	Opisthokonta	nexus	Limited_donor_evidence
OG5_144400	OG5_144400	Prokaryota	Archaeplastida	nexus	iHGT
OG5_144513	OG5_144513	Prokaryota	Opisthokonta	nexus	multiple_MC
OG5_144546	OG5_144546	Prokaryota	Excavata	nexus	multiple_MC
OG5_144651	OG5_144651	Prokaryota	Opisthokonta	nexus	NoHGT
OG5_146297	OG5_146297	Prokaryota	Opisthokonta	nexus	Limited_donor_evidence
OG5_146549	OG5_146549	Prokaryota	Opisthokonta	nexus	iHGT
OG5_146742	OG5_146742	Prokaryota	Opisthokonta	nexus	Patchy_phylogeny
OG5_146856	OG5_146856	Prokaryota	Opisthokonta	nexus	multiple_MC
OG5_149285	OG5_149285	Prokaryota	Opisthokonta	nexus	Limited_donor_evidence
OG5_149436	OG5_149436	Prokaryota	Opisthokonta	nexus	Limited_donor_evidence
OG5_149583	OG5_149583	Prokaryota	Opisthokonta	nexus	Limited_donor_evidence
OG5_149642	OG5_149642	Prokaryota	Opisthokonta	nexus	iHGT
OG5_149991	OG5_149991	Prokaryota	Opisthokonta	nexus	Limited_donor_evidence
OG5_150699	OG5_150699	Prokaryota	Opisthokonta	nexus	NoHGT
OG5_152217	OG5_152217	Prokaryota	Opisthokonta	nexus	iHGT
OG5_152681	OG5_152681	Prokaryota	Opisthokonta	nexus	multiple_MC
OG5_152849	OG5_152849	Prokaryota	Opisthokonta	nexus	Patchy_phylogeny
OG5_153492	OG5_153492	Prokaryota	Opisthokonta	nexus	iHGT
OG5_155310	OG5_155310	Prokaryota	Opisthokonta	nexus	Limited_donor_evidence
OG5_155629	OG5_155629	Prokaryota	Opisthokonta	nexus	iHGT
OG5_155671	OG5_155671	Prokaryota	Opisthokonta	nexus	Patchy_phylogeny
OG5_155742	OG5_155742	Prokaryota	Opisthokonta	nexus	Limited_donor_evidence
OG5_155746	OG5_155746	Prokaryota	Opisthokonta	nexus	Patchy_phylogeny
OG5_156991	OG5_156991	Prokaryota	Opisthokonta	nexus	iHGT
OG5_159394	OG5_159394	Prokaryota	Opisthokonta	nexus	Limited_donor_evidence
OG5_159830	OG5_159830	Prokaryota	Opisthokonta	nexus	iHGT
OG5_163064	OG5_163064	Prokaryota	Opisthokonta	nexus	Limited_donor_evidence
OG5_165431	OG5_165431	Prokaryota	Opisthokonta	nexus	iHGT
OG5_176474	OG5_176474	Prokaryota	Opisthokonta	nexus	Limited_donor_evidence
OG5_176971	OG5_176971	Prokaryota	Opisthokonta	nexus	iHGT
OG5_152204	OG5_152204	Prokaryota	Opisthokonta	nexus	iHGT
OG5_138567	OG5_138567	Prokaryota	Opisthokonta	nexus	NoHGT
OG5_131026	OG5_131026	Prokaryota	Opisthokonta	nexus	NoHGT
OG5_135997	OG5_135997	Prokaryota	Opisthokonta	nexus	NoHGT
OG5_128593	OG5_128593	Prokaryota	Opisthokonta	nexus	Limited_donor_evidence
OG5_128913	OG5_128913	Prokaryota	Opisthokonta	nexus	Patchy_phylogeny
OG5_131199	OG5_131199	Prokaryota	Opisthokonta	nexus	iHGT
OG5_131674	OG5_131674	Prokaryota	Opisthokonta	nexus	iHGT
OG5_136807	OG5_136807	Prokaryota	Opisthokonta	nexus	NoHGT
OG5_137296	OG5_137296	Prokaryota	Opisthokonta	nexus	NoHGT
OG5_138693	OG5_138693	Prokaryota	Opisthokonta	nexus	Limited_donor_evidence
OG5_139064	OG5_139064	Prokaryota	Opisthokonta	nexus	iHGT
OG5_144381	OG5_144381	Prokaryota	Opisthokonta	nexus	NoHGT
OG5_144465	OG5_144465	Prokaryota	Opisthokonta	nexus	Limited_donor_evidence
OG5_146700	OG5_146700	Prokaryota	Opisthokonta	nexus	NoHGT
OG5_149580	OG5_149580	Prokaryota	Opisthokonta	nexus	Limited_donor_evidence
OG5_159761	OG5_159761	Prokaryota	Opisthokonta	nexus	iHGT
OG5_137307	OG5_137307	Prokaryota	Opisthokonta	nexus	iHGT
OG5_156204	OG5_156204	Prokaryota	Archaeplastida	nexus	iHGT
OG5_168760	OG5_168760	Prokaryota	Archaeplastida	nexus	NoHGT
OG5_137547	OG5_137547	Prokaryota	Archaeplastida	nexus	Limited_donor_evidence
OG5_132146	OG5_132146	Prokaryota	Archaeplastida	nexus	iHGT
OG5_131344	OG5_131344	Prokaryota	Archaeplastida	nexus	iHGT
OG5_135374	OG5_135374	Prokaryota	Archaeplastida	nexus	multiple_MC
OG5_147113	OG5_147113	Prokaryota	Archaeplastida	nexus	iHGT
OG5_128582	OG5_128582	Prokaryota	Archaeplastida	nexus	multiple_MC
OG5_156486	OG5_156486	Prokaryota	Archaeplastida	nexus	iHGT
OG5_131885	OG5_131885	Prokaryota	Archaeplastida	nexus	iHGT
OG5_130032	OG5_130032	Prokaryota	Archaeplastida	nexus	iHGT
OG5_130643	OG5_130643	Prokaryota	Archaeplastida	nexus	Limited_donor_evidence
OG5_130711	OG5_130711	Prokaryota	Archaeplastida	nexus	Limited_donor_evidence
OG5_131597	OG5_131597	Prokaryota	Archaeplastida	nexus	iHGT
OG5_131749	OG5_131749	Prokaryota	Archaeplastida	nexus	Limited_donor_evidence
OG5_132024	OG5_132024	Prokaryota	Archaeplastida	nexus	Limited_donor_evidence
OG5_132442	OG5_132442	Prokaryota	Archaeplastida	nexus	Patchy_phylogeny
OG5_132578	OG5_132578	Prokaryota	Archaeplastida	nexus	Patchy_phylogeny
OG5_136229	OG5_136229	Prokaryota	Archaeplastida	nexus	Patchy_phylogeny
OG5_137563	OG5_137563	Prokaryota	Archaeplastida	nexus	multiple_MC
OG5_141275	OG5_141275	Prokaryota	Archaeplastida	nexus	iHGT
OG5_142597	OG5_142597	Prokaryota	Archaeplastida	nexus	iHGT
OG5_142647	OG5_142647	Prokaryota	Archaeplastida	nexus	iHGT
OG5_144421	OG5_144421	Prokaryota	Archaeplastida	nexus	iHGT
OG5_144434	OG5_144434	Prokaryota	Archaeplastida	nexus	NoHGT
OG5_147321	OG5_147321	Prokaryota	Archaeplastida	nexus	NoHGT
OG5_147354	OG5_147354	Prokaryota	Archaeplastida	nexus	iHGT
OG5_149793	OG5_149793	Prokaryota	Archaeplastida	nexus	Patchy_phylogeny
OG5_152612	OG5_152612	Prokaryota	Archaeplastida	nexus	NoHGT
OG5_156764	OG5_156764	Prokaryota	Archaeplastida	nexus	iHGT
OG5_163175	OG5_163175	Prokaryota	Archaeplastida	nexus	iHGT
OG5_164648	OG5_164648	Prokaryota	Archaeplastida	nexus	multiple_MC
OG5_194707	OG5_194707	Prokaryota	Archaeplastida	nexus	multiple_MC
OG5_243918	OG5_243918	Prokaryota	Archaeplastida	nexus	Patchy_phylogeny
OG5_137342	OG5_137342	Prokaryota	Archaeplastida	nexus	iHGT
OG5_150377	OG5_150377	Prokaryota	Archaeplastida	nexus	iHGT
OG5_153239	OG5_153239	Prokaryota	Archaeplastida	nexus	Limited_donor_evidence
OG5_156667	OG5_156667	Prokaryota	Archaeplastida	nexus	Limited_donor_evidence
OG5_163207	OG5_163207	Prokaryota	Archaeplastida	nexus	iHGT
OG5_142830	OG5_142830	Prokaryota	Archaeplastida	nexus	NoHGT
OG5_172374	OG5_172374	Prokaryota	Archaeplastida	nexus	NoHGT
OG5_135984	OG5_135984	Prokaryota	Archaeplastida	nexus	iHGT
OG5_136060	OG5_136060	Prokaryota	Archaeplastida	nexus	iHGT
OG5_137357	OG5_137357	Prokaryota	Archaeplastida	nexus	Limited_donor_evidence
OG5_152759	OG5_152759	Prokaryota	Sar	nexus	iHGT
OG5_144423	OG5_144423	Prokaryota	Sar	nexus	Limited_donor_evidence
OG5_150506	OG5_150506	Prokaryota	Sar	nexus	multiple_MC
OG5_133885	OG5_133885	Prokaryota	Archaeplastida	nexus	iHGT
OG5_172047	OG5_172047	Prokaryota	Sar	nexus	NoHGT
OG5_149454	OG5_149454	Prokaryota	Sar	nexus	iHGT
OG5_135391	OG5_135391	Prokaryota	Sar	nexus	multiple_MC
OG5_139321	OG5_139321	Prokaryota	Opisthokonta	nexus	Patchy_phylogeny
OG5_139441	OG5_139441	Prokaryota	Sar	nexus	iHGT
OG5_144441	OG5_144441	Prokaryota	Sar	nexus	Limited_donor_evidence
OG5_133517	OG5_133517	Prokaryota	Sar	nexus	iHGT
OG5_153432	OG5_153432	Prokaryota	Sar	nexus	NoHGT
OG5_135105	OG5_135105	Prokaryota	Sar	nexus	Patchy_phylogeny
OG5_136076	OG5_136076	Prokaryota	Sar	nexus	iHGT
OG5_137913	OG5_137913	Prokaryota	Sar	nexus	Limited_donor_evidence
OG5_137989	OG5_137989	Prokaryota	Sar	nexus	iHGT
OG5_138109	OG5_138109	Prokaryota	Sar	nexus	multiple_MC
OG5_138778	OG5_138778	Prokaryota	Sar	nexus	iHGT
OG5_146654	OG5_146654	Prokaryota	Sar	nexus	NoHGT
OG5_146840	OG5_146840	Prokaryota	Sar	nexus	iHGT
OG5_150838	OG5_150838	Prokaryota	Sar	nexus	Limited_donor_evidence
OG5_152610	OG5_152610	Prokaryota	Sar	nexus	NoHGT
OG5_153105	OG5_153105	Prokaryota	Excavata	nexus	multiple_MC
OG5_154753	OG5_154753	Prokaryota	Sar	nexus	iHGT
OG5_159638	OG5_159638	Prokaryota	Sar	nexus	multiple_MC
OG5_171446	OG5_171446	Prokaryota	Sar	nexus	Limited_donor_evidence
OG5_152077	OG5_152077	Prokaryota	Sar	nexus	multiple_MC
OG5_166309	OG5_166309	Prokaryota	Sar	nexus	Patchy_phylogeny
OG5_141276	OG5_141276	Prokaryota	Sar	nexus	Limited_donor_evidence
OG5_136942	OG5_136942	Prokaryota	Excavata	nexus	iHGT
OG5_168036	OG5_168036	Prokaryota	Sar	nexus	multiple_MC
OG5_158960	OG5_158960	Prokaryota	Amoebozoa	nexus	multiple_MC
OG5_135136	OG5_135136	Prokaryota	Amoebozoa	nexus	iHGT
OG5_146439	OG5_146439	Prokaryota	Archaeplastida	nexus	iHGT
OG5_155488	OG5_155488	Prokaryota	Amoebozoa	nexus	Patchy_phylogeny
OG5_172482	OG5_172482	Prokaryota	Excavata	nexus	multiple_MC
OG5_130801	OG5_130801	Prokaryota	Opisthokonta	nexus	Limited_donor_evidence
OG5_134483	OG5_134483	Prokaryota	Amoebozoa	nexus	Patchy_phylogeny
OG5_210545	OG5_210545	Prokaryota	Opisthokonta	nexus	Patchy_phylogeny
OG5_132562	OG5_132562	Prokaryota	Opisthokonta	nexus	Limited_donor_evidence
OG5_136069	OG5_136069	Prokaryota	Opisthokonta	nexus	Limited_donor_evidence
OG5_136542	OG5_136542	Prokaryota	Opisthokonta	nexus	iHGT
OG5_138059	OG5_138059	Prokaryota	Amoebozoa	nexus	iHGT
OG5_142703	OG5_142703	Prokaryota	Opisthokonta	nexus	Limited_donor_evidence
OG5_133700	OG5_133700	Prokaryota	Opisthokonta	nexus	iHGT
OG5_150028	OG5_150028	Prokaryota	Amoebozoa	nexus	iHGT
OG5_158525	OG5_158525	Prokaryota	Archaeplastida	nexus	multiple_MC
OG5_144906	OG5_144906	Prokaryota	Amoebozoa	nexus	Patchy_phylogeny
OG5_155995	OG5_155995	Prokaryota	Archaeplastida	nexus	Limited_donor_evidence
OG5_135724	OG5_135724	Prokaryota	Sar	nexus	Patchy_phylogeny
OG5_135386	OG5_135386	Prokaryota	Sar	nexus	iHGT
OG5_171108	OG5_171108	Prokaryota	Amoebozoa	nexus	Patchy_phylogeny
OG5_155745	OG5_155745	Prokaryota	Opisthokonta	nexus	Limited_donor_evidence
OG5_130014	OG5_130014	Prokaryota	Opisthokonta	nexus	Limited_donor_evidence
OG5_130298	OG5_130298	Prokaryota	Opisthokonta	nexus	Limited_donor_evidence
OG5_131868	OG5_131868	Prokaryota	Opisthokonta	nexus	Limited_donor_evidence
OG5_128614	OG5_128614	Prokaryota	Opisthokonta	nexus	Patchy_phylogeny
OG5_129913	OG5_129913	Prokaryota	Opisthokonta	nexus	iHGT
OG5_132947	OG5_132947	Prokaryota	Amoebozoa	nexus	multiple_MC
OG5_134255	OG5_134255	Prokaryota	Amoebozoa	nexus	Patchy_phylogeny
OG5_163473	OG5_163473	Prokaryota	Amoebozoa	nexus	multiple_MC
OG5_160432	OG5_160432	Prokaryota	Amoebozoa	nexus	multiple_MC
OG5_141265	OG5_141265	Prokaryota	Amoebozoa	nexus	multiple_MC
OG5_143329	OG5_143329	Prokaryota	Sar	nexus	iHGT
OG5_135114	OG5_135114	Prokaryota	Excavata	nexus	multiple_MC
OG5_156076	OG5_156076	Prokaryota	Opisthokonta	nexus	Patchy_phylogeny
OG5_136596	OG5_136596	Prokaryota	Archaeplastida	nexus	Limited_donor_evidence
OG5_136756	OG5_136756	Prokaryota	Amoebozoa	nexus	multiple_MC
OG5_152159	OG5_152159	Prokaryota	Amoebozoa	nexus	iHGT
OG5_144240	OG5_144240	Prokaryota	Opisthokonta	nexus	NoHGT
OG5_141261	OG5_141261	Prokaryota	Opisthokonta	nexus	NoHGT
OG5_131791	OG5_131791	Prokaryota	Excavata	nexus	multiple_MC
OG5_135187	OG5_135187	Prokaryota	Opisthokonta	nexus	iHGT
OG5_141702	OG5_141702	Prokaryota	Opisthokonta	nexus	Patchy_phylogeny
OG5_135084	OG5_135084	Prokaryota	Archaeplastida	nexus	iHGT
OG5_140124	OG5_140124	Prokaryota	Archaeplastida	nexus	Limited_donor_evidence
OG5_169862	OG5_169862	Prokaryota	Archaeplastida	nexus	Limited_donor_evidence
OG5_129352	OG5_129352	Prokaryota	Archaeplastida	nexus	Limited_donor_evidence
OG5_137082	OG5_137082	Prokaryota	Opisthokonta	nexus	iHGT
OG5_159572	OG5_159572	Prokaryota	Archaeplastida	nexus	multiple_MC
OG5_130305	OG5_130305	Prokaryota	Opisthokonta	nexus	Limited_donor_evidence
OG5_133658	OG5_133658	Prokaryota	Opisthokonta	nexus	Limited_donor_evidence
OG5_135721	OG5_135721	Prokaryota	Archaeplastida	nexus	iHGT
OG5_149620	OG5_149620	Prokaryota	Archaeplastida	nexus	iHGT
OG5_168407	OG5_168407	Prokaryota	Archaeplastida	nexus	iHGT
OG5_171114	OG5_171114	Prokaryota	Archaeplastida	nexus	Limited_donor_evidence
OG5_152343	OG5_152343	Prokaryota	Archaeplastida	nexus	Limited_donor_evidence
OG5_140693	OG5_140693	Prokaryota	Opisthokonta	nexus	Limited_donor_evidence
OG5_137703	OG5_137703	Prokaryota	Opisthokonta	nexus	Limited_donor_evidence
OG5_146603	OG5_146603	Prokaryota	Opisthokonta	nexus	iHGT
OG5_153441	OG5_153441	Prokaryota	Opisthokonta	nexus	Patchy_phylogeny
OG5_130382	OG5_130382	Prokaryota	Archaeplastida	nexus	Limited_donor_evidence
OG5_132290	OG5_132290	Prokaryota	Opisthokonta	nexus	Patchy_phylogeny
OG5_132961	OG5_132961	Prokaryota	Opisthokonta	nexus	Limited_donor_evidence
OG5_134234	OG5_134234	Prokaryota	Opisthokonta	nexus	Patchy_phylogeny
OG5_135299	OG5_135299	Prokaryota	Archaeplastida	nexus	Limited_donor_evidence
OG5_135787	OG5_135787	Prokaryota	Opisthokonta	nexus	Limited_donor_evidence
OG5_137229	OG5_137229	Prokaryota	Opisthokonta	nexus	Limited_donor_evidence
OG5_140186	OG5_140186	Prokaryota	Opisthokonta	nexus	Limited_donor_evidence
OG5_140298	OG5_140298	Prokaryota	Excavata	nexus	Patchy_phylogeny
OG5_142324	OG5_142324	Prokaryota	Opisthokonta	nexus	iHGT
OG5_149671	OG5_149671	Prokaryota	Opisthokonta	nexus	multiple_MC
OG5_149857	OG5_149857	Prokaryota	Archaeplastida	nexus	NoHGT
OG5_163156	OG5_163156	Prokaryota	Opisthokonta	nexus	Limited_donor_evidence
OG5_146472	OG5_146472	Prokaryota	Opisthokonta	nexus	iHGT
OG5_142714	OG5_142714	Prokaryota	Sar	nexus	iHGT
OG5_144414	OG5_144414	Prokaryota	Opisthokonta	nexus	multiple_MC
OG5_130293	OG5_130293	Prokaryota	Opisthokonta	nexus	Limited_donor_evidence
OG5_130658	OG5_130658	Prokaryota	Opisthokonta	nexus	iHGT
OG5_129134	OG5_129134	Prokaryota	Opisthokonta	nexus	iHGT
OG5_132160	OG5_132160	Prokaryota	Opisthokonta	nexus	Patchy_phylogeny
OG5_133152	OG5_133152	Prokaryota	Opisthokonta	nexus	iHGT
OG5_133353	OG5_133353	Prokaryota	Opisthokonta	nexus	Limited_donor_evidence
OG5_133450	OG5_133450	Prokaryota	Opisthokonta	nexus	Limited_donor_evidence
OG5_135144	OG5_135144	Prokaryota	Opisthokonta	nexus	iHGT
OG5_135645	OG5_135645	Prokaryota	Sar	nexus	multiple_MC
OG5_137411	OG5_137411	Prokaryota	Sar	nexus	multiple_MC
OG5_140676	OG5_140676	Prokaryota	Opisthokonta	nexus	iHGT
OG5_141563	OG5_141563	Prokaryota	Sar	nexus	multiple_MC
OG5_141723	OG5_141723	Prokaryota	Opisthokonta	nexus	Limited_donor_evidence
OG5_142775	OG5_142775	Prokaryota	Opisthokonta	nexus	iHGT
OG5_142991	OG5_142991	Prokaryota	Sar	nexus	multiple_MC
OG5_152623	OG5_152623	Prokaryota	Sar	nexus	NoHGT
OG5_159299	OG5_159299	Prokaryota	Sar	nexus	multiple_MC
OG5_165097	OG5_165097	Prokaryota	Sar	nexus	iHGT
OG5_137904	OG5_137904	Prokaryota	Opisthokonta	nexus	Limited_donor_evidence
OG5_133724	OG5_133724	Prokaryota	Opisthokonta	nexus	iHGT
OG5_136507	OG5_136507	Prokaryota	Opisthokonta	nexus	Patchy_phylogeny
OG5_132192	OG5_132192	Prokaryota	Opisthokonta	nexus	Limited_donor_evidence
OG5_155706	OG5_155706	Prokaryota	Opisthokonta	nexus	multiple_MC
OG5_133438	OG5_133438	Prokaryota	Opisthokonta	nexus	Limited_donor_evidence
OG5_142838	OG5_142838	Prokaryota	Archaeplastida	nexus	multiple_MC
OG5_152867	OG5_152867	Prokaryota	Opisthokonta	nexus	NoHGT
OG5_128023	OG5_128023	Prokaryota	Opisthokonta	nexus	Limited_donor_evidence
OG5_169253	OG5_169253	Prokaryota	Archaeplastida	nexus	iHGT
OG5_130642	OG5_130642	Prokaryota	Archaeplastida	nexus	Patchy_phylogeny
OG5_128364	OG5_128364	Prokaryota	Opisthokonta	nexus	iHGT
OG5_128410	OG5_128410	Prokaryota	Opisthokonta	nexus	iHGT
OG5_128451	OG5_128451	Prokaryota	Opisthokonta	nexus	Limited_donor_evidence
OG5_130301	OG5_130301	Prokaryota	Opisthokonta	nexus	iHGT
OG5_132638	OG5_132638	Prokaryota	Opisthokonta	nexus	iHGT
OG5_135166	OG5_135166	Prokaryota	Opisthokonta	nexus	iHGT
OG5_129910	OG5_129910	Prokaryota	Opisthokonta	nexus	Limited_donor_evidence
OG5_129123	OG5_129123	Prokaryota	Opisthokonta	nexus	Limited_donor_evidence
OG5_129900	OG5_129900	Prokaryota	Opisthokonta	nexus	Patchy_phylogeny
OG5_128970	OG5_128970	Prokaryota	Opisthokonta	nexus	iHGT
OG5_130768	OG5_130768	Prokaryota	Opisthokonta	nexus	iHGT
OG5_134809	OG5_134809	Prokaryota	Opisthokonta	nexus	Limited_donor_evidence
OG5_153690	OG5_153690	Prokaryota	Opisthokonta	nexus	NoHGT
OG5_169785	OG5_169785	Prokaryota	Opisthokonta	nexus	Patchy_phylogeny
OG5_163187	OG5_163187	Prokaryota	Sar	nexus	multiple_MC
OG5_129780	OG5_129780	Prokaryota	Opisthokonta	nexus	Limited_donor_evidence
OG5_130703	OG5_130703	Prokaryota	Opisthokonta	nexus	iHGT
OG5_132383	OG5_132383	Prokaryota	Opisthokonta	nexus	Limited_donor_evidence
OG5_132399	OG5_132399	Prokaryota	Opisthokonta	nexus	iHGT
OG5_132867	OG5_132867	Prokaryota	Opisthokonta	nexus	Limited_donor_evidence
OG5_133160	OG5_133160	Prokaryota	Opisthokonta	nexus	iHGT
OG5_133333	OG5_133333	Prokaryota	Opisthokonta	nexus	Limited_donor_evidence
OG5_134817	OG5_134817	Prokaryota	Opisthokonta	nexus	iHGT
OG5_135280	OG5_135280	Prokaryota	Opisthokonta	nexus	iHGT
OG5_136119	OG5_136119	Prokaryota	Opisthokonta	nexus	iHGT
OG5_136521	OG5_136521	Prokaryota	Opisthokonta	nexus	iHGT
OG5_137006	OG5_137006	Prokaryota	Opisthokonta	nexus	iHGT
OG5_141579	OG5_141579	Prokaryota	Sar	nexus	multiple_MC
OG5_144108	OG5_144108	Prokaryota	Sar	nexus	Patchy_phylogeny
OG5_147651	OG5_147651	Prokaryota	Sar	nexus	NoHGT
OG5_129848	OG5_129848	Prokaryota	Opisthokonta	nexus	Limited_donor_evidence
OG5_131612	OG5_131612	Prokaryota	Opisthokonta	nexus	Limited_donor_evidence
OG5_143028	OG5_143028	Prokaryota	Opisthokonta	nexus	iHGT
OG5_156119	OG5_156119	Prokaryota	Opisthokonta	nexus	Limited_donor_evidence
OG5_133114	OG5_133114	Prokaryota	Opisthokonta	nexus	iHGT
OG5_135135	OG5_135135	Prokaryota	Sar	nexus	iHGT
OG5_131932	OG5_131932	Prokaryota	Archaeplastida	nexus	Limited_donor_evidence
OG5_142704	OG5_142704	Prokaryota	Sar	nexus	NoHGT
OG5_138538	OG5_138538	Prokaryota	Archaeplastida	nexus	iHGT
OG5_158671	OG5_158671	Prokaryota	Archaeplastida	nexus	iHGT
OG5_131263	OG5_131263	Prokaryota	Archaeplastida	nexus	iHGT
OG5_156698	OG5_156698	Prokaryota	Archaeplastida	nexus	NoHGT
OG5_160498	OG5_160498	Prokaryota	Archaeplastida	nexus	Limited_donor_evidence
OG5_149711	OG5_149711	Prokaryota	Archaeplastida	nexus	Limited_donor_evidence
OG5_144134	OG5_144134	Prokaryota	Archaeplastida	nexus	Limited_donor_evidence
OG5_150283	OG5_150283	Prokaryota	Archaeplastida	nexus	NoHGT
OG5_130152	OG5_130152	Prokaryota	Archaeplastida	nexus	iHGT
OG5_130464	OG5_130464	Prokaryota	Archaeplastida	nexus	iHGT
OG5_132740	OG5_132740	Prokaryota	Archaeplastida	nexus	Patchy_phylogeny
OG5_132745	OG5_132745	Prokaryota	Archaeplastida	nexus	Patchy_phylogeny
OG5_133105	OG5_133105	Prokaryota	Archaeplastida	nexus	multiple_MC
OG5_133331	OG5_133331	Prokaryota	Archaeplastida	nexus	multiple_MC
OG5_135670	OG5_135670	Prokaryota	Archaeplastida	nexus	multiple_MC
OG5_135702	OG5_135702	Prokaryota	Archaeplastida	nexus	Limited_donor_evidence
OG5_135823	OG5_135823	Prokaryota	Archaeplastida	nexus	iHGT
OG5_136489	OG5_136489	Prokaryota	Archaeplastida	nexus	iHGT
OG5_137379	OG5_137379	Prokaryota	Sar	nexus	Patchy_phylogeny
OG5_137545	OG5_137545	Prokaryota	Archaeplastida	nexus	iHGT
OG5_142479	OG5_142479	Prokaryota	Archaeplastida	nexus	iHGT
OG5_143142	OG5_143142	Prokaryota	Archaeplastida	nexus	Limited_donor_evidence
OG5_144474	OG5_144474	Prokaryota	Archaeplastida	nexus	Limited_donor_evidence
OG5_147125	OG5_147125	Prokaryota	Archaeplastida	nexus	Patchy_phylogeny
OG5_149537	OG5_149537	Prokaryota	Archaeplastida	nexus	Limited_donor_evidence
OG5_149634	OG5_149634	Prokaryota	Archaeplastida	nexus	iHGT
OG5_150224	OG5_150224	Prokaryota	Archaeplastida	nexus	Limited_donor_evidence
OG5_150373	OG5_150373	Prokaryota	Archaeplastida	nexus	Patchy_phylogeny
OG5_150501	OG5_150501	Prokaryota	Archaeplastida	nexus	multiple_MC
OG5_155510	OG5_155510	Prokaryota	Archaeplastida	nexus	Limited_donor_evidence
OG5_163172	OG5_163172	Prokaryota	Sar	nexus	iHGT
OG5_164841	OG5_164841	Prokaryota	Archaeplastida	nexus	iHGT
OG5_168743	OG5_168743	Prokaryota	Archaeplastida	nexus	Limited_donor_evidence
OG5_146615	OG5_146615	Prokaryota	Sar	nexus	Limited_donor_evidence
OG5_149659	OG5_149659	Prokaryota	Sar	nexus	iHGT
OG5_158803	OG5_158803	Prokaryota	Sar	nexus	iHGT
OG5_163868	OG5_163868	Prokaryota	Sar	nexus	NoHGT
OG5_167618	OG5_167618	Prokaryota	Sar	nexus	multiple_MC
OG5_145213	OG5_145213	Prokaryota	Sar	nexus	multiple_MC
OG5_149347	OG5_149347	Prokaryota	Sar	nexus	Patchy_phylogeny
OG5_160925	OG5_160925	Prokaryota	Sar	nexus	Limited_donor_evidence
OG5_133303	OG5_133303	Prokaryota	Archaeplastida	nexus	multiple_MC
OG5_133515	OG5_133515	Prokaryota	Archaeplastida	nexus	Limited_donor_evidence
OG5_138746	OG5_138746	Prokaryota	Archaeplastida	nexus	Limited_donor_evidence
OG5_131215	OG5_131215	Prokaryota	Archaeplastida	nexus	iHGT
OG5_141681	OG5_141681	Prokaryota	Archaeplastida	nexus	Limited_donor_evidence
OG5_143133	OG5_143133	Prokaryota	Sar	nexus	iHGT
OG5_147137	OG5_147137	Prokaryota	Archaeplastida	nexus	Limited_donor_evidence
OG5_147197	OG5_147197	Prokaryota	Archaeplastida	nexus	iHGT
OG5_156589	OG5_156589	Prokaryota	Archaeplastida	nexus	iHGT
OG5_173601	OG5_173601	Prokaryota	Sar	nexus	Patchy_phylogeny
OG5_144390	OG5_144390	Prokaryota	Sar	nexus	Patchy_phylogeny
OG5_139557	OG5_139557	Prokaryota	Archaeplastida	nexus	Limited_donor_evidence
OG5_133657	OG5_133657	Prokaryota	Sar	nexus	multiple_MC
OG5_131701	OG5_131701	Prokaryota	Sar	nexus	Patchy_phylogeny
OG5_147720	OG5_147720	Prokaryota	Sar	nexus	Patchy_phylogeny
OG5_164438	OG5_164438	Prokaryota	Archaeplastida	nexus	iHGT
OG5_138537	OG5_138537	Prokaryota	Archaeplastida	nexus	NoHGT
OG5_141658	OG5_141658	Prokaryota	Archaeplastida	nexus	Limited_donor_evidence
OG5_156551	OG5_156551	Prokaryota	Sar	nexus	Limited_donor_evidence
OG5_171675	OG5_171675	Prokaryota	Archaeplastida	nexus	Limited_donor_evidence
OG5_129402	OG5_129402	Prokaryota	Sar	nexus	Patchy_phylogeny
OG5_130886	OG5_130886	Prokaryota	Archaeplastida	nexus	iHGT
OG5_130915	OG5_130915	Prokaryota	Archaeplastida	nexus	Limited_donor_evidence
OG5_133572	OG5_133572	Prokaryota	Archaeplastida	nexus	iHGT
OG5_135102	OG5_135102	Prokaryota	Sar	nexus	multiple_MC
OG5_136077	OG5_136077	Prokaryota	Archaeplastida	nexus	iHGT
OG5_136473	OG5_136473	Prokaryota	Archaeplastida	nexus	Patchy_phylogeny
OG5_136493	OG5_136493	Prokaryota	Archaeplastida	nexus	iHGT
OG5_137578	OG5_137578	Prokaryota	Sar	nexus	NoHGT
OG5_141187	OG5_141187	Prokaryota	Archaeplastida	nexus	iHGT
OG5_144823	OG5_144823	Prokaryota	Archaeplastida	nexus	iHGT
OG5_157165	OG5_157165	Prokaryota	Archaeplastida	nexus	Patchy_phylogeny
OG5_164838	OG5_164838	Prokaryota	Archaeplastida	nexus	iHGT
OG5_168222	OG5_168222	Prokaryota	Sar	nexus	multiple_MC
OG5_159867	OG5_159867	Prokaryota	Sar	nexus	Patchy_phylogeny
OG5_155047	OG5_155047	Prokaryota	Sar	nexus	iHGT
OG5_149718	OG5_149718	Prokaryota	Sar	nexus	Patchy_phylogeny
OG5_171568	OG5_171568	Prokaryota	Sar	nexus	Patchy_phylogeny
OG5_129851	OG5_129851	Prokaryota	Archaeplastida	nexus	Patchy_phylogeny
OG5_147318	OG5_147318	Prokaryota	Archaeplastida	nexus	Limited_donor_evidence
OG5_141334	OG5_141334	Prokaryota	Archaeplastida	nexus	iHGT
OG5_155266	OG5_155266	Prokaryota	Archaeplastida	nexus	Limited_donor_evidence
OG5_155486	OG5_155486	Prokaryota	Archaeplastida	nexus	Limited_donor_evidence
OG5_146631	OG5_146631	Prokaryota	Archaeplastida	nexus	Limited_donor_evidence
OG5_141040	OG5_141040	Prokaryota	Sar	nexus	multiple_MC
OG5_140438	OG5_140438	Prokaryota	Archaeplastida	nexus	Limited_donor_evidence
OG5_147303	OG5_147303	Prokaryota	Archaeplastida	nexus	Limited_donor_evidence
OG5_133281	OG5_133281	Prokaryota	Archaeplastida	nexus	Limited_donor_evidence
OG5_150167	OG5_150167	Prokaryota	Archaeplastida	nexus	iHGT
OG5_133567	OG5_133567	Prokaryota	Archaeplastida	nexus	Limited_donor_evidence
OG5_136909	OG5_136909	Prokaryota	Archaeplastida	nexus	multiple_MC
OG5_139967	OG5_139967	Prokaryota	Sar	nexus	iHGT
OG5_146704	OG5_146704	Prokaryota	Sar	nexus	multiple_MC
OG5_130200	OG5_130200	Prokaryota	Archaeplastida	nexus	iHGT
OG5_135376	OG5_135376	Prokaryota	Archaeplastida	nexus	iHGT
OG5_136203	OG5_136203	Prokaryota	Archaeplastida	nexus	Patchy_phylogeny
OG5_138020	OG5_138020	Prokaryota	Archaeplastida	nexus	multiple_MC
OG5_138412	OG5_138412	Prokaryota	Archaeplastida	nexus	Limited_donor_evidence
OG5_140105	OG5_140105	Prokaryota	Sar	nexus	Patchy_phylogeny
OG5_142893	OG5_142893	Prokaryota	Archaeplastida	nexus	iHGT
OG5_143063	OG5_143063	Prokaryota	Archaeplastida	nexus	iHGT
OG5_145087	OG5_145087	Prokaryota	Archaeplastida	nexus	iHGT
OG5_153430	OG5_153430	Prokaryota	Archaeplastida	nexus	iHGT
OG5_158975	OG5_158975	Prokaryota	Archaeplastida	nexus	multiple_MC
OG5_160450	OG5_160450	Prokaryota	Archaeplastida	nexus	multiple_MC
OG5_172543	OG5_172543	Prokaryota	Archaeplastida	nexus	Patchy_phylogeny
OG5_136918	OG5_136918	Prokaryota	Archaeplastida	nexus	Limited_donor_evidence
OG5_133915	OG5_133915	Prokaryota	Archaeplastida	nexus	Limited_donor_evidence
OG5_156536	OG5_156536	Prokaryota	Archaeplastida	nexus	iHGT
OG5_130995	OG5_130995	Prokaryota	Amoebozoa	nexus	multiple_MC
OG5_156149	OG5_156149	Prokaryota	Archaeplastida	nexus	NoHGT
OG5_188735	OG5_188735	Prokaryota	Excavata	nexus	Patchy_phylogeny
OG5_133156	OG5_133156	Prokaryota	Archaeplastida	nexus	iHGT
OG5_130966	OG5_130966	Prokaryota	Archaeplastida	nexus	iHGT
OG5_136555	OG5_136555	Prokaryota	Archaeplastida	nexus	Limited_donor_evidence
OG5_141117	OG5_141117	Prokaryota	Archaeplastida	nexus	iHGT
OG5_165291	OG5_165291	Prokaryota	Archaeplastida	nexus	multiple_MC
OG5_137299	OG5_137299	Prokaryota	Archaeplastida	nexus	iHGT
OG5_141824	OG5_141824	Prokaryota	Sar	nexus	multiple_MC
OG5_160804	OG5_160804	Prokaryota	Opisthokonta	nexus	multiple_MC
OG5_136079	OG5_136079	Prokaryota	Sar	nexus	multiple_MC
OG5_140530	OG5_140530	Prokaryota	Opisthokonta	nexus	multiple_MC
OG5_147362	OG5_147362	Prokaryota	Archaeplastida	nexus	Patchy_phylogeny
OG5_137896	OG5_137896	Prokaryota	Excavata	nexus	Patchy_phylogeny
OG5_141290	OG5_141290	Prokaryota	Opisthokonta	nexus	multiple_MC
OG5_158933	OG5_158933	Prokaryota	Archaeplastida	nexus	multiple_MC
OG5_171181	OG5_171181	Prokaryota	Excavata	nexus	Patchy_phylogeny
OG5_133735	OG5_133735	Prokaryota	Opisthokonta	nexus	Patchy_phylogeny
OG5_168406	OG5_168406	Prokaryota	Sar	nexus	multiple_MC
OG5_135382	OG5_135382	Prokaryota	Opisthokonta	nexus	iHGT
OG5_135887	OG5_135887	Prokaryota	Archaeplastida	nexus	Limited_donor_evidence
OG5_144486	OG5_144486	Prokaryota	Archaeplastida	nexus	multiple_MC
OG5_144570	OG5_144570	Prokaryota	Opisthokonta	nexus	Patchy_phylogeny
OG5_168600	OG5_168600	Prokaryota	Opisthokonta	nexus	multiple_MC
OG5_143192	OG5_143192	Prokaryota	Sar	nexus	multiple_MC
OG5_154337	OG5_154337	Prokaryota	Opisthokonta	nexus	multiple_MC
OG5_134306	OG5_134306	Prokaryota	Opisthokonta	nexus	multiple_MC
OG5_136127	OG5_136127	Prokaryota	Opisthokonta	nexus	multiple_MC
OG5_139903	OG5_139903	Prokaryota	Opisthokonta	nexus	multiple_MC
OG5_141132	OG5_141132	Prokaryota	Opisthokonta	nexus	multiple_MC
OG5_142358	OG5_142358	Prokaryota	Sar	nexus	Patchy_phylogeny
OG5_144158	OG5_144158	Prokaryota	Archaeplastida	nexus	multiple_MC
OG5_144529	OG5_144529	Prokaryota	Opisthokonta	nexus	Patchy_phylogeny
OG5_146696	OG5_146696	Prokaryota	Opisthokonta	nexus	Patchy_phylogeny
OG5_147505	OG5_147505	Prokaryota	Sar	nexus	Patchy_phylogeny
OG5_148148	OG5_148148	Prokaryota	Sar	nexus	multiple_MC
OG5_149648	OG5_149648	Prokaryota	Archaeplastida	nexus	multiple_MC
OG5_150839	OG5_150839	Prokaryota	Opisthokonta	nexus	multiple_MC
OG5_156431	OG5_156431	Prokaryota	Opisthokonta	nexus	Patchy_phylogeny
OG5_158620	OG5_158620	Prokaryota	Opisthokonta	nexus	Patchy_phylogeny
OG5_159796	OG5_159796	Prokaryota	Archaeplastida	nexus	Patchy_phylogeny
OG5_158971	OG5_158971	Prokaryota	Sar	nexus	multiple_MC
OG5_137349	OG5_137349	Prokaryota	Opisthokonta	nexus	multiple_MC
OG5_171116	OG5_171116	Prokaryota	Opisthokonta	nexus	Patchy_phylogeny
OG5_146682	OG5_146682	Prokaryota	Excavata	nexus	multiple_MC
OG5_133747	OG5_133747	Prokaryota	Sar	nexus	multiple_MC
OG5_132919	OG5_132919	Prokaryota	Archaeplastida	nexus	multiple_MC
OG5_191214	OG5_191214	Prokaryota	Amoebozoa	nexus	Patchy_phylogeny
OG5_149873	OG5_149873	Prokaryota	Archaeplastida	nexus	iHGT
OG5_155900	OG5_155900	Prokaryota	Amoebozoa	nexus	Patchy_phylogeny
OG5_158986	OG5_158986	Prokaryota	Opisthokonta	nexus	multiple_MC
OG5_174896	OG5_174896	Prokaryota	Excavata	nexus	multiple_MC
OG5_140240	OG5_140240	Prokaryota	Archaeplastida	nexus	Patchy_phylogeny
OG5_144783	OG5_144783	Prokaryota	Archaeplastida	nexus	Patchy_phylogeny
OG5_158682	OG5_158682	Prokaryota	Sar	nexus	multiple_MC
OG5_159910	OG5_159910	Prokaryota	Sar	nexus	multiple_MC
OG5_164005	OG5_164005	Prokaryota	Archaeplastida	nexus	multiple_MC
OG5_176929	OG5_176929	Prokaryota	Opisthokonta	nexus	Patchy_phylogeny
OG5_190964	OG5_190964	Prokaryota	Archaeplastida	nexus	Patchy_phylogeny
OG5_136984	OG5_136984	Prokaryota	Opisthokonta	nexus	Patchy_phylogeny
OG5_165937	OG5_165937	Prokaryota	Opisthokonta	nexus	multiple_MC
OG5_175941	OG5_175941	Prokaryota	Sar	nexus	Patchy_phylogeny
OG5_135814	OG5_135814	Prokaryota	Archaeplastida	nexus	multiple_MC
OG5_138454	OG5_138454	Prokaryota	Opisthokonta	nexus	multiple_MC
OG5_155489	OG5_155489	Prokaryota	Opisthokonta	nexus	Patchy_phylogeny
OG5_162913	OG5_162913	Prokaryota	Opisthokonta	nexus	multiple_MC
OG5_169443	OG5_169443	Prokaryota	Opisthokonta	nexus	Patchy_phylogeny
OG5_176296	OG5_176296	Prokaryota	Opisthokonta	nexus	Patchy_phylogeny
OG5_187939	OG5_187939	Prokaryota	Opisthokonta	nexus	multiple_MC
OG5_134824	OG5_134824	Prokaryota	Opisthokonta	nexus	multiple_MC
OG5_158780	OG5_158780	Prokaryota	Archaeplastida	nexus	multiple_MC
OG5_174922	OG5_174922	Prokaryota	Opisthokonta	nexus	Patchy_phylogeny
OG5_138333	OG5_138333	Prokaryota	Opisthokonta	nexus	multiple_MC
OG5_138556	OG5_138556	Prokaryota	Opisthokonta	nexus	Patchy_phylogeny
OG5_156870	OG5_156870	Prokaryota	Opisthokonta	nexus	multiple_MC
OG5_158985	OG5_158985	Prokaryota	Sar	nexus	multiple_MC
OG5_129334	OG5_129334	Prokaryota	Archaeplastida	nexus	multiple_MC
OG5_130330	OG5_130330	Prokaryota	Opisthokonta	nexus	Patchy_phylogeny
OG5_130541	OG5_130541	Prokaryota	Opisthokonta	nexus	multiple_MC
OG5_132292	OG5_132292	Prokaryota	Archaeplastida	nexus	Patchy_phylogeny
OG5_132440	OG5_132440	Prokaryota	Sar	nexus	multiple_MC
OG5_134266	OG5_134266	Prokaryota	Opisthokonta	nexus	multiple_MC
OG5_134793	OG5_134793	Prokaryota	Opisthokonta	nexus	Patchy_phylogeny
OG5_136452	OG5_136452	Prokaryota	Sar	nexus	multiple_MC
OG5_137432	OG5_137432	Prokaryota	Opisthokonta	nexus	Patchy_phylogeny
OG5_137932	OG5_137932	Prokaryota	Amoebozoa	nexus	Patchy_phylogeny
OG5_138465	OG5_138465	Prokaryota	Opisthokonta	nexus	multiple_MC
OG5_141211	OG5_141211	Prokaryota	Opisthokonta	nexus	Patchy_phylogeny
OG5_141388	OG5_141388	Prokaryota	Opisthokonta	nexus	multiple_MC
OG5_142771	OG5_142771	Prokaryota	Opisthokonta	nexus	Patchy_phylogeny
OG5_144205	OG5_144205	Prokaryota	Sar	nexus	Patchy_phylogeny
OG5_144670	OG5_144670	Prokaryota	Archaeplastida	nexus	Patchy_phylogeny
OG5_145212	OG5_145212	Prokaryota	Sar	nexus	Patchy_phylogeny
OG5_146351	OG5_146351	Prokaryota	Opisthokonta	nexus	multiple_MC
OG5_149601	OG5_149601	Prokaryota	Opisthokonta	nexus	multiple_MC
OG5_149694	OG5_149694	Prokaryota	Opisthokonta	nexus	Patchy_phylogeny
OG5_149813	OG5_149813	Prokaryota	Archaeplastida	nexus	multiple_MC
OG5_149822	OG5_149822	Prokaryota	Sar	nexus	Patchy_phylogeny
OG5_152730	OG5_152730	Prokaryota	Opisthokonta	nexus	Patchy_phylogeny
OG5_152823	OG5_152823	Prokaryota	Opisthokonta	nexus	Patchy_phylogeny
OG5_155260	OG5_155260	Prokaryota	Opisthokonta	nexus	Patchy_phylogeny
OG5_155439	OG5_155439	Prokaryota	Opisthokonta	nexus	Patchy_phylogeny
OG5_155625	OG5_155625	Prokaryota	Opisthokonta	nexus	Patchy_phylogeny
OG5_155738	OG5_155738	Prokaryota	Opisthokonta	nexus	iHGT
OG5_155912	OG5_155912	Prokaryota	Opisthokonta	nexus	Patchy_phylogeny
OG5_156153	OG5_156153	Prokaryota	Sar	nexus	Patchy_phylogeny
OG5_158715	OG5_158715	Prokaryota	Opisthokonta	nexus	multiple_MC
OG5_158929	OG5_158929	Prokaryota	Opisthokonta	nexus	multiple_MC
OG5_159159	OG5_159159	Prokaryota	Opisthokonta	nexus	Patchy_phylogeny
OG5_159298	OG5_159298	Prokaryota	Opisthokonta	nexus	iHGT
OG5_159530	OG5_159530	Prokaryota	Sar	nexus	multiple_MC
OG5_159855	OG5_159855	Prokaryota	Sar	nexus	Patchy_phylogeny
OG5_162885	OG5_162885	Prokaryota	Excavata	nexus	Patchy_phylogeny
OG5_163421	OG5_163421	Prokaryota	Sar	nexus	Patchy_phylogeny
OG5_163577	OG5_163577	Prokaryota	Opisthokonta	nexus	Patchy_phylogeny
OG5_163755	OG5_163755	Prokaryota	Opisthokonta	nexus	Patchy_phylogeny
OG5_163977	OG5_163977	Prokaryota	Opisthokonta	nexus	Patchy_phylogeny
OG5_168405	OG5_168405	Prokaryota	Opisthokonta	nexus	multiple_MC
OG5_168774	OG5_168774	Prokaryota	Opisthokonta	nexus	iHGT
OG5_169857	OG5_169857	Prokaryota	Opisthokonta	nexus	Patchy_phylogeny
OG5_169930	OG5_169930	Prokaryota	Opisthokonta	nexus	iHGT
OG5_171270	OG5_171270	Prokaryota	Sar	nexus	multiple_MC
OG5_171726	OG5_171726	Prokaryota	Opisthokonta	nexus	iHGT
OG5_175175	OG5_175175	Prokaryota	Opisthokonta	nexus	multiple_MC
OG5_176295	OG5_176295	Prokaryota	Opisthokonta	nexus	iHGT
OG5_176643	OG5_176643	Prokaryota	Opisthokonta	nexus	Patchy_phylogeny
OG5_144567	OG5_144567	Prokaryota	Opisthokonta	nexus	Patchy_phylogeny
OG5_135083	OG5_135083	Prokaryota	Sar	nexus	multiple_MC
OG5_140094	OG5_140094	Prokaryota	Sar	nexus	Patchy_phylogeny
OG5_142721	OG5_142721	Prokaryota	Opisthokonta	nexus	Patchy_phylogeny
OG5_150454	OG5_150454	Prokaryota	Opisthokonta	nexus	multiple_MC
OG5_164876	OG5_164876	Prokaryota	Opisthokonta	nexus	multiple_MC
OG5_169177	OG5_169177	Prokaryota	Opisthokonta	nexus	Patchy_phylogeny
OG5_177062	OG5_177062	Prokaryota	Opisthokonta	nexus	multiple_MC
OG5_133991	OG5_133991	Prokaryota	Sar	nexus	iHGT
OG5_144416	OG5_144416	Prokaryota	Archaeplastida	nexus	multiple_MC
OG5_131519	OG5_131519	Prokaryota	Opisthokonta	nexus	Patchy_phylogeny
OG5_132143	OG5_132143	Prokaryota	Sar	nexus	Patchy_phylogeny
OG5_141319	OG5_141319	Prokaryota	Opisthokonta	nexus	Patchy_phylogeny
OG5_138543	OG5_138543	Prokaryota	Opisthokonta	nexus	Patchy_phylogeny
OG5_131193	OG5_131193	Prokaryota	Opisthokonta	nexus	Patchy_phylogeny
OG5_156726	OG5_156726	Prokaryota	Archaeplastida	nexus	iHGT
OG5_133531	OG5_133531	Prokaryota	Sar	nexus	Patchy_phylogeny
OG5_127065	OG5_127065	Prokaryota	Archaeplastida	nexus	multiple_MC
OG5_127115	OG5_127115	Prokaryota	Opisthokonta	nexus	multiple_MC
OG5_129763	OG5_129763	Prokaryota	Opisthokonta	nexus	Patchy_phylogeny
OG5_132474	OG5_132474	Prokaryota	Opisthokonta	nexus	multiple_MC
OG5_132475	OG5_132475	Prokaryota	Archaeplastida	nexus	multiple_MC
OG5_133518	OG5_133518	Prokaryota	Archaeplastida	nexus	multiple_MC
OG5_136230	OG5_136230	Prokaryota	Opisthokonta	nexus	iHGT
OG5_142696	OG5_142696	Prokaryota	Opisthokonta	nexus	Patchy_phylogeny
OG5_150682	OG5_150682	Prokaryota	Opisthokonta	nexus	multiple_MC
OG5_153497	OG5_153497	Prokaryota	Sar	nexus	iHGT
OG5_157227	OG5_157227	Prokaryota	Opisthokonta	nexus	multiple_MC
OG5_159187	OG5_159187	Prokaryota	Opisthokonta	nexus	Patchy_phylogeny
OG5_163202	OG5_163202	Prokaryota	Opisthokonta	nexus	Patchy_phylogeny
OG5_163482	OG5_163482	Prokaryota	Archaeplastida	nexus	Patchy_phylogeny
OG5_171552	OG5_171552	Prokaryota	Opisthokonta	nexus	multiple_MC
OG5_174031	OG5_174031	Prokaryota	Opisthokonta	nexus	Patchy_phylogeny
OG5_132737	OG5_132737	Prokaryota	Opisthokonta	nexus	Patchy_phylogeny
OG5_141655	OG5_141655	Prokaryota	Opisthokonta	nexus	multiple_MC
OG5_131963	OG5_131963	Prokaryota	Opisthokonta	nexus	Patchy_phylogeny
OG5_132738	OG5_132738	Prokaryota	Opisthokonta	nexus	Patchy_phylogeny
OG5_147360	OG5_147360	Prokaryota	Opisthokonta	nexus	Patchy_phylogeny
OG5_168022	OG5_168022	Prokaryota	Sar	nexus	multiple_MC
OG5_133997	OG5_133997	Prokaryota	Opisthokonta	nexus	multiple_MC
OG5_160826	OG5_160826	Prokaryota	Opisthokonta	nexus	multiple_MC
OG5_134778	OG5_134778	Prokaryota	Opisthokonta	nexus	Patchy_phylogeny
OG5_212023	OG5_212023	Prokaryota	Sar	nexus	multiple_MC
OG5_136236	OG5_136236	Prokaryota	Cryptophyceae	nexus	multiple_MC
OG5_142650	OG5_142650	Prokaryota	Sar	nexus	multiple_MC
OG5_147345	OG5_147345	Prokaryota	Opisthokonta	nexus	multiple_MC
OG5_152534	OG5_152534	Prokaryota	Opisthokonta	nexus	multiple_MC
OG5_156748	OG5_156748	Prokaryota	Opisthokonta	nexus	Patchy_phylogeny
OG5_158690	OG5_158690	Prokaryota	Sar	nexus	Patchy_phylogeny
OG5_159911	OG5_159911	Prokaryota	Sar	nexus	multiple_MC
OG5_168866	OG5_168866	Prokaryota	Opisthokonta	nexus	multiple_MC
OG5_176519	OG5_176519	Prokaryota	Sar	nexus	Patchy_phylogeny
OG5_203275	OG5_203275	Prokaryota	Sar	nexus	Patchy_phylogeny
OG5_170941	OG5_170941	Prokaryota	Opisthokonta	nexus	Patchy_phylogeny
OG5_138525	OG5_138525	Prokaryota	Archaeplastida	nexus	iHGT
OG5_131583	OG5_131583	Prokaryota	Opisthokonta	nexus	multiple_MC
OG5_146610	OG5_146610	Prokaryota	Amoebozoa	nexus	multiple_MC
OG5_171707	OG5_171707	Prokaryota	Opisthokonta	nexus	multiple_MC
OG5_141559	OG5_141559	Prokaryota	Sar	nexus	multiple_MC
OG5_131028	OG5_131028	Prokaryota	Opisthokonta	nexus	multiple_MC
OG5_133768	OG5_133768	Prokaryota	Sar	nexus	multiple_MC
OG5_141335	OG5_141335	Prokaryota	Amoebozoa	nexus	multiple_MC
OG5_149662	OG5_149662	Prokaryota	Sar	nexus	multiple_MC
OG5_155861	OG5_155861	Prokaryota	Archaeplastida	nexus	Patchy_phylogeny
OG5_158502	OG5_158502	Prokaryota	Opisthokonta	nexus	Patchy_phylogeny
OG5_163262	OG5_163262	Prokaryota	Opisthokonta	nexus	Patchy_phylogeny
OG5_160451	OG5_160451	Prokaryota	Archaeplastida	nexus	multiple_MC
OG5_150447	OG5_150447	Prokaryota	Opisthokonta	nexus	Patchy_phylogeny
OG5_162856	OG5_162856	Prokaryota	Opisthokonta	nexus	multiple_MC
OG5_209093	OG5_209093	Prokaryota	Opisthokonta	nexus	multiple_MC
OG5_171453	OG5_171453	Prokaryota	Opisthokonta	nexus	multiple_MC
OG5_141346	OG5_141346	Prokaryota	Archaeplastida	nexus	iHGT
OG5_142694	OG5_142694	Prokaryota	Opisthokonta	nexus	multiple_MC
OG5_149720	OG5_149720	Prokaryota	Opisthokonta	nexus	Patchy_phylogeny
OG5_149315	OG5_149315	Prokaryota	Opisthokonta	nexus	Patchy_phylogeny
OG5_163168	OG5_163168	Prokaryota	Opisthokonta	nexus	multiple_MC
OG5_137362	OG5_137362	Prokaryota	Opisthokonta	nexus	multiple_MC
OG5_137893	OG5_137893	Prokaryota	Archaeplastida	nexus	multiple_MC
OG5_143174	OG5_143174	Prokaryota	Archaeplastida	nexus	multiple_MC
OG5_144795	OG5_144795	Prokaryota	Sar	nexus	multiple_MC
OG5_145737	OG5_145737	Prokaryota	Opisthokonta	nexus	Patchy_phylogeny
OG5_146588	OG5_146588	Prokaryota	Sar	nexus	Patchy_phylogeny
OG5_139281	OG5_139281	Prokaryota	Opisthokonta	nexus	multiple_MC
OG5_135844	OG5_135844	Prokaryota	Opisthokonta	nexus	multiple_MC
OG5_155474	OG5_155474	Prokaryota	Opisthokonta	nexus	Patchy_phylogeny
OG5_127292	OG5_127292	Prokaryota	Opisthokonta	nexus	Patchy_phylogeny
OG5_142637	OG5_142637	Prokaryota	Opisthokonta	nexus	multiple_MC
OG5_135093	OG5_135093	Prokaryota	Opisthokonta	nexus	multiple_MC
OG5_127928	OG5_127928	Prokaryota	Opisthokonta	nexus	Patchy_phylogeny
OG5_128712	OG5_128712	Prokaryota	Sar	nexus	multiple_MC
OG5_129566	OG5_129566	Prokaryota	Opisthokonta	nexus	Patchy_phylogeny
OG5_134035	OG5_134035	Prokaryota	Sar	nexus	Patchy_phylogeny
OG5_136401	OG5_136401	Prokaryota	Opisthokonta	nexus	multiple_MC
OG5_138437	OG5_138437	Prokaryota	Opisthokonta	nexus	multiple_MC
OG5_143175	OG5_143175	Prokaryota	Opisthokonta	nexus	Patchy_phylogeny
OG5_150142	OG5_150142	Prokaryota	Sar	nexus	multiple_MC
OG5_152107	OG5_152107	Prokaryota	Opisthokonta	nexus	multiple_MC
OG5_168126	OG5_168126	Prokaryota	Opisthokonta	nexus	Patchy_phylogeny
OG5_136373	OG5_136373	Prokaryota	Archaeplastida	nexus	Patchy_phylogeny
OG5_144652	OG5_144652	Prokaryota	Opisthokonta	nexus	multiple_MC
OG5_131956	OG5_131956	Prokaryota	Opisthokonta	nexus	Patchy_phylogeny
OG5_155518	OG5_155518	Prokaryota	Opisthokonta	nexus	Patchy_phylogeny
OG5_155615	OG5_155615	Prokaryota	Opisthokonta	nexus	Patchy_phylogeny
OG5_132803	OG5_132803	Prokaryota	Opisthokonta	nexus	multiple_MC
OG5_139487	OG5_139487	Prokaryota	Opisthokonta	nexus	multiple_MC
OG5_144548	OG5_144548	Prokaryota	Opisthokonta	nexus	Patchy_phylogeny
OG5_144629	OG5_144629	Prokaryota	Sar	nexus	Patchy_phylogeny
OG5_149270	OG5_149270	Prokaryota	Opisthokonta	nexus	Patchy_phylogeny
OG5_170980	OG5_170980	Prokaryota	Sar	nexus	Patchy_phylogeny
OG5_173586	OG5_173586	Prokaryota	Sar	nexus	Patchy_phylogeny
OG5_153446	OG5_153446	Prokaryota	Opisthokonta	nexus	multiple_MC
OG5_159958	OG5_159958	Prokaryota	Opisthokonta	nexus	Patchy_phylogeny
OG5_205092	OG5_205092	Prokaryota	Sar	nexus	Patchy_phylogeny
OG5_132299	OG5_132299	Prokaryota	Opisthokonta	nexus	multiple_MC
OG5_133986	OG5_133986	Prokaryota	Sar	nexus	Patchy_phylogeny
OG5_136235	OG5_136235	Prokaryota	Sar	nexus	multiple_MC
OG5_152429	OG5_152429	Prokaryota	Sar	nexus	multiple_MC
OG5_169483	OG5_169483	Prokaryota	Opisthokonta	nexus	multiple_MC
OG5_211119	OG5_211119	Prokaryota	Opisthokonta	nexus	multiple_MC
OG5_140267	OG5_140267	Prokaryota	Amoebozoa	nexus	Patchy_phylogeny
OG5_165283	OG5_165283	Prokaryota	Excavata	nexus	multiple_MC
OG5_158416	OG5_158416	Prokaryota	Opisthokonta	nexus	multiple_MC
OG5_146648	OG5_146648	Prokaryota	Opisthokonta	nexus	multiple_MC
OG5_137364	OG5_137364	Prokaryota	Opisthokonta	nexus	multiple_MC
OG5_163095	OG5_163095	Prokaryota	Opisthokonta	nexus	multiple_MC
OG5_172358	OG5_172358	Prokaryota	Excavata	nexus	Patchy_phylogeny
OG5_135712	OG5_135712	Prokaryota	Archaeplastida	nexus	Patchy_phylogeny
OG5_158977	OG5_158977	Prokaryota	Archaeplastida	nexus	Patchy_phylogeny
OG5_131890	OG5_131890	Prokaryota	Opisthokonta	nexus	multiple_MC
OG5_130368	OG5_130368	Prokaryota	Opisthokonta	nexus	Patchy_phylogeny
OG5_134734	OG5_134734	Prokaryota	Opisthokonta	nexus	multiple_MC
OG5_140568	OG5_140568	Prokaryota	Sar	nexus	multiple_MC
OG5_162681	OG5_162681	Prokaryota	Archaeplastida	nexus	multiple_MC
OG5_165200	OG5_165200	Prokaryota	Opisthokonta	nexus	multiple_MC
OG5_141180	OG5_141180	Prokaryota	Opisthokonta	nexus	multiple_MC
OG5_147341	OG5_147341	Prokaryota	Opisthokonta	nexus	iHGT
OG5_155491	OG5_155491	Prokaryota	Archaeplastida	nexus	Patchy_phylogeny
OG5_172392	OG5_172392	Prokaryota	Sar	nexus	Patchy_phylogeny
OG5_132296	OG5_132296	Prokaryota	Opisthokonta	nexus	multiple_MC
OG5_143190	OG5_143190	Prokaryota	Amoebozoa	nexus	multiple_MC
OG5_144263	OG5_144263	Prokaryota	Opisthokonta	nexus	multiple_MC
OG5_155551	OG5_155551	Prokaryota	Opisthokonta	nexus	multiple_MC
OG5_131265	OG5_131265	Prokaryota	Opisthokonta	nexus	Patchy_phylogeny
OG5_135256	OG5_135256	Prokaryota	Opisthokonta	nexus	multiple_MC
OG5_160403	OG5_160403	Prokaryota	Opisthokonta	nexus	iHGT
OG5_133472	OG5_133472	Prokaryota	Opisthokonta	nexus	multiple_MC
OG5_168416	OG5_168416	Prokaryota	Opisthokonta	nexus	Patchy_phylogeny
OG5_131888	OG5_131888	Prokaryota	Opisthokonta	nexus	Patchy_phylogeny
OG5_225206	OG5_225206	Prokaryota	Archaeplastida	nexus	Patchy_phylogeny
OG5_225212	OG5_225212	Prokaryota	Sar	nexus	Patchy_phylogeny
OG5_225207	OG5_225207	Prokaryota	Sar	nexus	Patchy_phylogeny
OG5_225211	OG5_225211	Prokaryota	Sar	nexus	Patchy_phylogeny
OG5_155564	OG5_155564	Prokaryota	Amoebozoa	nexus	iHGT
OG5_151284	OG5_151284	Prokaryota	Opisthokonta	nexus	iHGT
OG5_160479	OG5_160479	Prokaryota	Amoebozoa	nexus	multiple_MC
OG5_160738	OG5_160738	Prokaryota	Opisthokonta	nexus	iHGT
OG5_161654	OG5_161654	Prokaryota	Amoebozoa	nexus	iHGT
OG5_163302	OG5_163302	Prokaryota	Excavata	nexus	iHGT
OG5_145745	OG5_145745	Prokaryota	Excavata	nexus	iHGT
OG5_145746	OG5_145746	Prokaryota	Excavata	nexus	iHGT
OG5_144619	OG5_144619	Prokaryota	Archaeplastida	nexus	iHGT
OG5_136506	OG5_136506	Prokaryota	Opisthokonta	nexus	iHGT
OG5_147010	OG5_147010	Prokaryota	Opisthokonta	nexus	iHGT
OG5_161838	OG5_161838	Prokaryota	Excavata	nexus	iHGT
OG5_159029	OG5_159029	Prokaryota	Opisthokonta	nexus	iHGT
OG5_142686	OG5_142686	Prokaryota	Opisthokonta	nexus	iHGT
OG5_161364	OG5_161364	Prokaryota	Sar	nexus	iHGT
OG5_139229	OG5_139229	Prokaryota	Opisthokonta	nexus	iHGT
OG5_144831	OG5_144831	Prokaryota	Opisthokonta	nexus	iHGT
OG5_155484	OG5_155484	Prokaryota	Opisthokonta	nexus	iHGT
OG5_141376	OG5_141376	Prokaryota	Archaeplastida	nexus	iHGT
OG5_159817	OG5_159817	Prokaryota	Opisthokonta	nexus	multiple_MC
OG5_137911	OG5_137911	Prokaryota	Opisthokonta	nexus	iHGT
OG5_168011	OG5_168011	Prokaryota	Opisthokonta	nexus	iHGT
OG5_141348	OG5_141348	Prokaryota	Opisthokonta	nexus	Patchy_phylogeny
OG5_141454	OG5_141454	Prokaryota	Opisthokonta	nexus	iHGT
OG5_146820	OG5_146820	Prokaryota	Opisthokonta	nexus	iHGT
OG5_147013	OG5_147013	Prokaryota	Opisthokonta	nexus	iHGT
OG5_175644	OG5_175644	Prokaryota	Opisthokonta	nexus	Patchy_phylogeny
OG5_176100	OG5_176100	Prokaryota	Opisthokonta	nexus	Patchy_phylogeny
OG5_176150	OG5_176150	Prokaryota	Opisthokonta	nexus	iHGT
OG5_176851	OG5_176851	Prokaryota	Opisthokonta	nexus	iHGT
OG5_179305	OG5_179305	Prokaryota	Opisthokonta	nexus	iHGT
OG5_180723	OG5_180723	Prokaryota	Opisthokonta	nexus	iHGT
OG5_191279	OG5_191279	Prokaryota	Opisthokonta	nexus	iHGT
OG5_146755	OG5_146755	Prokaryota	Opisthokonta	nexus	iHGT
OG5_132004	OG5_132004	Prokaryota	Opisthokonta	nexus	iHGT
OG5_147019	OG5_147019	Prokaryota	Opisthokonta	nexus	iHGT
OG5_168413	OG5_168413	Prokaryota	Opisthokonta	nexus	multiple_MC
OG5_169773	OG5_169773	Prokaryota	Opisthokonta	nexus	multiple_MC
OG5_140208	OG5_140208	Prokaryota	Opisthokonta	nexus	Patchy_phylogeny
OG5_163374	OG5_163374	Prokaryota	Opisthokonta	nexus	Patchy_phylogeny
OG5_132583	OG5_132583	Prokaryota	Opisthokonta	nexus	iHGT
OG5_155962	OG5_155962	Prokaryota	Opisthokonta	nexus	Patchy_phylogeny
OG5_165075	OG5_165075	Prokaryota	Opisthokonta	nexus	iHGT
OG5_135452	OG5_135452	Prokaryota	Opisthokonta	nexus	iHGT
OG5_139323	OG5_139323	Prokaryota	Opisthokonta	nexus	iHGT
OG5_142483	OG5_142483	Prokaryota	Opisthokonta	nexus	iHGT
OG5_144626	OG5_144626	Prokaryota	Opisthokonta	nexus	iHGT
OG5_144642	OG5_144642	Prokaryota	Sar	nexus	iHGT
OG5_144667	OG5_144667	Prokaryota	Opisthokonta	nexus	iHGT
OG5_146242	OG5_146242	Prokaryota	Opisthokonta	nexus	multiple_MC
OG5_149781	OG5_149781	Prokaryota	Opisthokonta	nexus	iHGT
OG5_149907	OG5_149907	Prokaryota	Opisthokonta	nexus	Patchy_phylogeny
OG5_149948	OG5_149948	Prokaryota	Opisthokonta	nexus	iHGT
OG5_152281	OG5_152281	Prokaryota	Sar	nexus	multiple_MC
OG5_152522	OG5_152522	Prokaryota	Sar	nexus	Patchy_phylogeny
OG5_152626	OG5_152626	Prokaryota	Sar	nexus	Patchy_phylogeny
OG5_152651	OG5_152651	Prokaryota	Opisthokonta	nexus	iHGT
OG5_152696	OG5_152696	Prokaryota	Sar	nexus	Patchy_phylogeny
OG5_155230	OG5_155230	Prokaryota	Opisthokonta	nexus	iHGT
OG5_155378	OG5_155378	Prokaryota	Opisthokonta	nexus	iHGT
OG5_155854	OG5_155854	Prokaryota	Opisthokonta	nexus	iHGT
OG5_155859	OG5_155859	Prokaryota	Opisthokonta	nexus	iHGT
OG5_155870	OG5_155870	Prokaryota	Opisthokonta	nexus	iHGT
OG5_156006	OG5_156006	Prokaryota	Opisthokonta	nexus	iHGT
OG5_158913	OG5_158913	Prokaryota	Opisthokonta	nexus	iHGT
OG5_159922	OG5_159922	Prokaryota	Opisthokonta	nexus	iHGT
OG5_160543	OG5_160543	Prokaryota	Opisthokonta	nexus	iHGT
OG5_163411	OG5_163411	Prokaryota	Opisthokonta	nexus	iHGT
OG5_163503	OG5_163503	Prokaryota	Opisthokonta	nexus	iHGT
OG5_163546	OG5_163546	Prokaryota	Opisthokonta	nexus	iHGT
OG5_163609	OG5_163609	Prokaryota	Archaeplastida	nexus	Patchy_phylogeny
OG5_163725	OG5_163725	Prokaryota	Opisthokonta	nexus	iHGT
OG5_163759	OG5_163759	Prokaryota	Opisthokonta	nexus	Patchy_phylogeny
OG5_164060	OG5_164060	Prokaryota	Opisthokonta	nexus	Patchy_phylogeny
OG5_164066	OG5_164066	Prokaryota	Opisthokonta	nexus	iHGT
OG5_165119	OG5_165119	Prokaryota	Opisthokonta	nexus	iHGT
OG5_168700	OG5_168700	Prokaryota	Opisthokonta	nexus	multiple_MC
OG5_169089	OG5_169089	Prokaryota	Opisthokonta	nexus	iHGT
OG5_169370	OG5_169370	Prokaryota	Sar	nexus	multiple_MC
OG5_171024	OG5_171024	Prokaryota	Opisthokonta	nexus	iHGT
OG5_191262	OG5_191262	Prokaryota	Opisthokonta	nexus	iHGT
OG5_191162	OG5_191162	Prokaryota	Opisthokonta	nexus	iHGT
OG5_136232	OG5_136232	Prokaryota	Opisthokonta	nexus	iHGT
OG5_140297	OG5_140297	Prokaryota	Archaeplastida	nexus	iHGT
OG5_155751	OG5_155751	Prokaryota	Opisthokonta	nexus	iHGT
OG5_159081	OG5_159081	Prokaryota	Opisthokonta	nexus	iHGT
OG5_225128	OG5_225128	Prokaryota	Sar	nexus	Patchy_phylogeny
OG5_132913	OG5_132913	Prokaryota	Opisthokonta	nexus	iHGT
OG5_126669	OG5_126669	Prokaryota	Opisthokonta	nexus	iHGT
OG5_146644	OG5_146644	Prokaryota	Opisthokonta	nexus	iHGT
OG5_155499	OG5_155499	Prokaryota	Opisthokonta	nexus	iHGT
OG5_165187	OG5_165187	Prokaryota	Opisthokonta	nexus	iHGT
OG5_180830	OG5_180830	Prokaryota	Sar	nexus	iHGT
OG5_146551	OG5_146551	Prokaryota	Excavata	nexus	multiple_MC
OG5_172382	OG5_172382	Prokaryota	Archaeplastida	nexus	iHGT
OG5_135733	OG5_135733	Prokaryota	Opisthokonta	nexus	iHGT
OG5_164927	OG5_164927	Prokaryota	Opisthokonta	nexus	iHGT
OG5_155297	OG5_155297	Prokaryota	Opisthokonta	nexus	iHGT
OG5_168357	OG5_168357	Prokaryota	Opisthokonta	nexus	iHGT
OG5_146635	OG5_146635	Prokaryota	Opisthokonta	nexus	iHGT
OG5_130366	OG5_130366	Prokaryota	Opisthokonta	nexus	iHGT
OG5_137915	OG5_137915	Prokaryota	Opisthokonta	nexus	Patchy_phylogeny
OG5_140465	OG5_140465	Prokaryota	Sar	nexus	iHGT
OG5_149677	OG5_149677	Prokaryota	Opisthokonta	nexus	iHGT
OG5_164867	OG5_164867	Prokaryota	Sar	nexus	iHGT
OG5_160689	OG5_160689	Prokaryota	Sar	nexus	iHGT
OG5_138724	OG5_138724	Prokaryota	Opisthokonta	nexus	iHGT
OG5_158436	OG5_158436	Prokaryota	Sar	nexus	Patchy_phylogeny
OG5_158925	OG5_158925	Prokaryota	Excavata	nexus	iHGT
OG5_171330	OG5_171330	Prokaryota	Opisthokonta	nexus	iHGT
OG5_156924	OG5_156924	Prokaryota	Sar	nexus	iHGT
OG5_129919	OG5_129919	Prokaryota	Excavata	nexus	iHGT
OG5_133749	OG5_133749	Prokaryota	Opisthokonta	nexus	iHGT
OG5_141066	OG5_141066	Prokaryota	Opisthokonta	nexus	iHGT
OG5_144212	OG5_144212	Prokaryota	Sar	nexus	iHGT
OG5_140132	OG5_140132	Prokaryota	Sar	nexus	iHGT
OG5_171195	OG5_171195	Prokaryota	Opisthokonta	nexus	multiple_MC
OG5_130983	OG5_130983	Prokaryota	Opisthokonta	nexus	iHGT
OG5_132923	OG5_132923	Prokaryota	Opisthokonta	nexus	iHGT
OG5_142837	OG5_142837	Prokaryota	Opisthokonta	nexus	iHGT
OG5_163407	OG5_163407	Prokaryota	Opisthokonta	nexus	iHGT
OG5_145170	OG5_145170	Prokaryota	Opisthokonta	nexus	iHGT
OG5_146519	OG5_146519	Prokaryota	Opisthokonta	nexus	iHGT
OG5_149726	OG5_149726	Prokaryota	Archaeplastida	nexus	iHGT
OG5_156164	OG5_156164	Prokaryota	Sar	nexus	iHGT
OG5_138640	OG5_138640	Prokaryota	Opisthokonta	nexus	iHGT
OG5_152748	OG5_152748	Prokaryota	Opisthokonta	nexus	iHGT
OG5_158622	OG5_158622	Prokaryota	Opisthokonta	nexus	iHGT
OG5_196468	OG5_196468	Prokaryota	Opisthokonta	nexus	Patchy_phylogeny
OG5_138715	OG5_138715	Prokaryota	Sar	nexus	iHGT
OG5_155005	OG5_155005	Prokaryota	Opisthokonta	nexus	iHGT
OG5_157668	OG5_157668	Prokaryota	Opisthokonta	nexus	iHGT
OG5_171049	OG5_171049	Prokaryota	Sar	nexus	Patchy_phylogeny
OG5_129917	OG5_129917	Prokaryota	Opisthokonta	nexus	iHGT
OG5_169767	OG5_169767	Prokaryota	Archaeplastida	nexus	iHGT
OG5_169140	OG5_169140	Prokaryota	Archaeplastida	nexus	iHGT
CAB44651.1	CAB44651	Prokaryota	Opisthokonta	nexus	NoHGT
ABS11017.1	ABS11017	Prokaryota	Opisthokonta	nexus	NoHGT
ABS11018.1	ABS11018	Prokaryota	Opisthokonta	nexus	NoHGT
AKS25185.1	AKS25185	Prokaryota	Opisthokonta	nexus	iHGT
NW_001517107.1	NW_001517107	Prokaryota	Opisthokonta	nexus	iHGT
SNU03544.1	SNU03544	Prokaryota	Opisthokonta	nexus	iHGT
SNU09219.1	SNU09219	Prokaryota	Opisthokonta	nexus	iHGT
XP_001262227.1	XP_001262227	Prokaryota	Opisthokonta	nexus	iHGT
XP_001262956.1	XP_001262956	Prokaryota	Opisthokonta	nexus	Limited_donor_evidence
XP_001267547.1	XP_001267547	Prokaryota	Opisthokonta	nexus	Limited_donor_evidence
XP_001276686.1	XP_001276686	Prokaryota	Opisthokonta	nexus	iHGT
XP_002543700.1	XP_002543700	Prokaryota	Opisthokonta	nexus	iHGT
XP_002582854.1	XP_002582854	Prokaryota	Opisthokonta	nexus	iHGT
XP_002583225.1	XP_002583225	Prokaryota	Opisthokonta	nexus	Limited_donor_evidence
CAK97283.1	CAK97283	Prokaryota	Opisthokonta	nexus	Patchy_phylogeny
XP_002585215.1	XP_002585215	Prokaryota	Opisthokonta	nexus	Limited_donor_evidence
XP_003714388.1	XP_003714388	Prokaryota	Opisthokonta	nexus	Limited_donor_evidence
XP_003718985.1	XP_003718985	Prokaryota	Opisthokonta	nexus	Patchy_phylogeny
XP_658347.1	XP_658347	Prokaryota	Opisthokonta	nexus	NoHGT
EAS36626.3	EAS36626	Prokaryota	Opisthokonta	nexus	NoHGT
EAW10817.1	EAW10817	Prokaryota	Opisthokonta	nexus	iHGT
XP_018236379.1	XP_018236379	Prokaryota	Opisthokonta	nexus	iHGT
XP_018752095.1	XP_018752095	Prokaryota	Opisthokonta	nexus	Limited_donor_evidence
XP_018753880.1	XP_018753880	Prokaryota	Opisthokonta	nexus	NoHGT
XP_018754877.1	XP_018754877	Prokaryota	Opisthokonta	nexus	iHGT
XP_018756204.1	XP_018756204	Prokaryota	Opisthokonta	nexus	NoHGT
XP_018758481.1	XP_018758481	Prokaryota	Opisthokonta	nexus	NoHGT
EAW12188.1	EAW12188	Prokaryota	Opisthokonta	nexus	Limited_donor_evidence
XP_059602661.1	XP_059602661	Prokaryota	Opisthokonta	nexus	iHGT
XP_452610.1	XP_452610	Prokaryota	Opisthokonta	nexus	iHGT
XP_059606201.1	XP_059606201	Prokaryota	Opisthokonta	nexus	iHGT
XP_681629.1	XP_681629	Prokaryota	Opisthokonta	nexus	Limited_donor_evidence
XP_681176.1	XP_681176	Prokaryota	Opisthokonta	nexus	Limited_donor_evidence
EAW12366.1	EAW12366	Prokaryota	Opisthokonta	nexus	NoHGT
XP_660192.1	XP_660192	Prokaryota	Opisthokonta	nexus	iHGT
XP_657684.1	XP_657684	Prokaryota	Opisthokonta	nexus	Limited_donor_evidence
XP_658110.2	XP_658110	Prokaryota	Opisthokonta	nexus	Limited_donor_evidence
EAW14626.1	EAW14626	Prokaryota	Opisthokonta	nexus	NoHGT
EAW15365.1	EAW15365	Prokaryota	Opisthokonta	nexus	NoHGT
WP_011028391.1	WP_011028391	Prokaryota	Opisthokonta	nexus	iHGT
XP_959745.1	XP_959745	Prokaryota	Opisthokonta	nexus	NoHGT
AAV91787.1	AAV91787	Prokaryota	Opisthokonta	nexus	Limited_donor_evidence
AAR90278.1	AAR90278	Prokaryota	Opisthokonta	nexus	Limited_donor_evidence
XP_752404.1	XP_752404	Prokaryota	Opisthokonta	nexus	NoHGT
XP_753141.2	XP_753141	Prokaryota	Opisthokonta	nexus	NoHGT
AFD97973.1	AFD97973	Prokaryota	Opisthokonta	nexus	iHGT
WP_015309765.1	WP_015309765	Prokaryota	Opisthokonta	nexus	iHGT
MBQ1969167.1	MBQ1969167	Prokaryota	Opisthokonta	nexus	iHGT
WP_015309767.1	WP_015309767	Prokaryota	Opisthokonta	nexus	iHGT
WP_015309764.1	WP_015309764	Prokaryota	Opisthokonta	nexus	iHGT
XP_754134.1	XP_754134	Prokaryota	Opisthokonta	nexus	Limited_donor_evidence
NW_007361007.1	NW_007361007	Prokaryota	Opisthokonta	nexus	iHGT
NW_007361228.1	NW_007361228	Prokaryota	Opisthokonta	nexus	iHGT
NW_007361248.1	NW_007361248	Prokaryota	Opisthokonta	nexus	Patchy_phylogeny
CACQ02002010.1	CACQ02002010	Prokaryota	Opisthokonta	nexus	NoHGT
NW_007361054.1	NW_007361054	Prokaryota	Opisthokonta	nexus	NoHGT
NW_007361213.1	NW_007361213	Prokaryota	Opisthokonta	nexus	NoHGT
NW_007361041.1	NW_007361041	Prokaryota	Opisthokonta	nexus	iHGT
NW_007361026.1	NW_007361026	Prokaryota	Opisthokonta	nexus	iHGT
KUI67325.1	KUI67325	Prokaryota	Opisthokonta	nexus	NoHGT
KUI67499.1	KUI67499	Prokaryota	Opisthokonta	nexus	iHGT
KUI67686.1	KUI67686	Prokaryota	Opisthokonta	nexus	NoHGT
KUI67761.1	KUI67761	Prokaryota	Opisthokonta	nexus	NoHGT
KUI68952.1	KUI68952	Prokaryota	Opisthokonta	nexus	iHGT
KUI69068.1	KUI69068	Prokaryota	Opisthokonta	nexus	NoHGT
KUI69083.1	KUI69083	Prokaryota	Opisthokonta	nexus	iHGT
KUI69650.1	KUI69650	Prokaryota	Opisthokonta	nexus	Limited_donor_evidence
KUI69885.1	KUI69885	Prokaryota	Opisthokonta	nexus	multiple_MC
KUI70044.1	KUI70044	Prokaryota	Opisthokonta	nexus	Limited_donor_evidence
KUI64622.1	KUI64622	Prokaryota	Opisthokonta	nexus	Patchy_phylogeny
KUI70216.1	KUI70216	Prokaryota	Opisthokonta	nexus	iHGT
KUI70981.1	KUI70981	Prokaryota	Opisthokonta	nexus	Limited_donor_evidence
KUI71280.1	KUI71280	Prokaryota	Opisthokonta	nexus	iHGT
KUI73280.1	KUI73280	Prokaryota	Opisthokonta	nexus	iHGT
KUI73362.1	KUI73362	Prokaryota	Opisthokonta	nexus	iHGT
KUI74494.1	KUI74494	Prokaryota	Opisthokonta	nexus	iHGT
KUI64544.1	KUI64544	Prokaryota	Opisthokonta	nexus	Limited_donor_evidence
KUI63871.1	KUI63871	Prokaryota	Opisthokonta	nexus	iHGT
KUI64210.1	KUI64210	Prokaryota	Opisthokonta	nexus	iHGT
CM003103.1	CM003103	Prokaryota	Opisthokonta	nexus	iHGT
KUI64659.1	KUI64659	Prokaryota	Opisthokonta	nexus	iHGT
CM003100.1	CM003100	Prokaryota	Opisthokonta	nexus	iHGT
KUI63609.1	KUI63609	Prokaryota	Opisthokonta	nexus	Limited_donor_evidence
KUI65030.1	KUI65030	Prokaryota	Opisthokonta	nexus	Limited_donor_evidence
KUI65171.1	KUI65171	Prokaryota	Opisthokonta	nexus	Limited_donor_evidence
KUI65958.1	KUI65958	Prokaryota	Opisthokonta	nexus	iHGT
KUI66142.1	KUI66142	Prokaryota	Opisthokonta	nexus	NoHGT
KUI66626.1	KUI66626	Prokaryota	Opisthokonta	nexus	NoHGT
KUI66641.1	KUI66641	Prokaryota	Opisthokonta	nexus	iHGT
KUI66768.1	KUI66768	Prokaryota	Opisthokonta	nexus	iHGT
OQV05612.1	OQV05612	Prokaryota	Opisthokonta	nexus	iHGT
OQV05613.1	OQV05613	Prokaryota	Opisthokonta	nexus	iHGT
OQU93939.1	OQU93939	Prokaryota	Opisthokonta	nexus	Limited_donor_evidence
OQV06630.1	OQV06630	Prokaryota	Opisthokonta	nexus	iHGT
OQV06635.1	OQV06635	Prokaryota	Opisthokonta	nexus	iHGT
OQV07699.1	OQV07699	Prokaryota	Opisthokonta	nexus	iHGT
OQV07700.1	OQV07700	Prokaryota	Opisthokonta	nexus	iHGT
OQU93941.1	OQU93941	Prokaryota	Opisthokonta	nexus	iHGT
OQU93945.1	OQU93945	Prokaryota	Opisthokonta	nexus	iHGT
OQU93949.1	OQU93949	Prokaryota	Opisthokonta	nexus	iHGT
OQU93938.1	OQU93938	Prokaryota	Opisthokonta	nexus	Limited_donor_evidence
OQU96063.1	OQU96063	Prokaryota	Opisthokonta	nexus	Limited_donor_evidence
OQU96069.1	OQU96069	Prokaryota	Opisthokonta	nexus	iHGT
OQU97771.1	OQU97771	Prokaryota	Opisthokonta	nexus	iHGT
OQU97773.1	OQU97773	Prokaryota	Opisthokonta	nexus	iHGT
OQU93937.1	OQU93937	Prokaryota	Opisthokonta	nexus	iHGT
OQU99154.1	OQU99154	Prokaryota	Opisthokonta	nexus	Limited_donor_evidence
OQU99156.1	OQU99156	Prokaryota	Opisthokonta	nexus	iHGT
OQV00733.1	OQV00733	Prokaryota	Opisthokonta	nexus	Limited_donor_evidence
OQV00737.1	OQV00737	Prokaryota	Opisthokonta	nexus	iHGT
OQV02097.1	OQV02097	Prokaryota	Opisthokonta	nexus	iHGT
OQV02099.1	OQV02099	Prokaryota	Opisthokonta	nexus	iHGT
OQV02397.1	OQV02397	Prokaryota	Opisthokonta	nexus	iHGT
OQV02400.1	OQV02400	Prokaryota	Opisthokonta	nexus	iHGT
KDN68596.1	KDN68596	Prokaryota	Opisthokonta	nexus	NoHGT
XP_007823882.1	XP_007823882	Prokaryota	Opisthokonta	nexus	iHGT
EFY95951.2	EFY95951	Prokaryota	Opisthokonta	nexus	iHGT
XP_007824794.1	XP_007824794	Prokaryota	Opisthokonta	nexus	iHGT
XP_007824873.1	XP_007824873	Prokaryota	Opisthokonta	nexus	iHGT
XP_007825541.1	XP_007825541	Prokaryota	Opisthokonta	nexus	iHGT
XP_007825826.1	XP_007825826	Prokaryota	Opisthokonta	nexus	iHGT
XP_007817175.1	XP_007817175	Prokaryota	Opisthokonta	nexus	iHGT
XP_007817569.1	XP_007817569	Prokaryota	Opisthokonta	nexus	iHGT
XP_007817602.1	XP_007817602	Prokaryota	Opisthokonta	nexus	iHGT
XP_007821433.1	XP_007821433	Prokaryota	Opisthokonta	nexus	NoHGT
XP_007821841.1	XP_007821841	Prokaryota	Opisthokonta	nexus	Limited_donor_evidence
XP_007822163.1	XP_007822163	Prokaryota	Opisthokonta	nexus	iHGT
XP_007822723.1	XP_007822723	Prokaryota	Opisthokonta	nexus	iHGT
XP_007822829.1	XP_007822829	Prokaryota	Opisthokonta	nexus	iHGT
XP_007823060.1	XP_007823060	Prokaryota	Opisthokonta	nexus	iHGT
XP_018760140.1	XP_018760140	Prokaryota	Opisthokonta	nexus	Limited_donor_evidence
XP_018760890.1	XP_018760890	Prokaryota	Opisthokonta	nexus	Limited_donor_evidence
XP_018761655.1	XP_018761655	Prokaryota	Opisthokonta	nexus	NoHGT
XP_018744754.1	XP_018744754	Prokaryota	Opisthokonta	nexus	Limited_donor_evidence
XP_018747505.1	XP_018747505	Prokaryota	Opisthokonta	nexus	iHGT
XP_018753892.1	XP_018753892	Prokaryota	Opisthokonta	nexus	iHGT
XP_018755354.1	XP_018755354	Prokaryota	Opisthokonta	nexus	Limited_donor_evidence
XP_018757757.1	XP_018757757	Prokaryota	Opisthokonta	nexus	Patchy_phylogeny
XP_018757938.1	XP_018757938	Prokaryota	Opisthokonta	nexus	Limited_donor_evidence
XP_018758405.1	XP_018758405	Prokaryota	Opisthokonta	nexus	iHGT
XP_018759666.1	XP_018759666	Prokaryota	Opisthokonta	nexus	Limited_donor_evidence
XP_018760042.1	XP_018760042	Prokaryota	Opisthokonta	nexus	Limited_donor_evidence
KID95099.1	KID95099	Prokaryota	Opisthokonta	nexus	iHGT
WP_108439341.1	WP_108439341	Prokaryota	Opisthokonta	nexus	iHGT
WP_087098190.1	WP_087098190	Prokaryota	Opisthokonta	nexus	iHGT
WP_066531526.1	WP_066531526	Prokaryota	Opisthokonta	nexus	iHGT
WP_067140815.1	WP_067140815	Prokaryota	Opisthokonta	nexus	Limited_donor_evidence
WP_013568113.1	WP_013568113	Prokaryota	Opisthokonta	nexus	iHGT
KFE72029.1	KFE72029	Prokaryota	Opisthokonta	nexus	iHGT
WP_090860924.1	WP_090860924	Prokaryota	Opisthokonta	nexus	iHGT
OQE32101.1	OQE32101	Prokaryota	Opisthokonta	nexus	iHGT
OQE44164.1	OQE44164	Prokaryota	Opisthokonta	nexus	iHGT
OQE41184.1	OQE41184	Prokaryota	Opisthokonta	nexus	iHGT
OQE18854.1	OQE18854	Prokaryota	Opisthokonta	nexus	iHGT
CRL27897.1	CRL27897	Prokaryota	Opisthokonta	nexus	iHGT
OQD82146.1	OQD82146	Prokaryota	Opisthokonta	nexus	iHGT
OKP11010.1	OKP11010	Prokaryota	Opisthokonta	nexus	iHGT
XP_016602920.1	XP_016602920	Prokaryota	Opisthokonta	nexus	iHGT
KXG45488.1	KXG45488	Prokaryota	Opisthokonta	nexus	iHGT
OQE16981.1	OQE16981	Prokaryota	Opisthokonta	nexus	iHGT
XP_016595647.1	XP_016595647	Prokaryota	Opisthokonta	nexus	iHGT
CRL19421.1	CRL19421	Prokaryota	Opisthokonta	nexus	multiple_MC
OQE28238.1	OQE28238	Prokaryota	Opisthokonta	nexus	iHGT
OGE49769.1	OGE49769	Prokaryota	Opisthokonta	nexus	iHGT
OQE32103.1	OQE32103	Prokaryota	Opisthokonta	nexus	iHGT
OKO95632.1	OKO95632	Prokaryota	Opisthokonta	nexus	Patchy_phylogeny
CEJ60764.1	CEJ60764	Prokaryota	Opisthokonta	nexus	iHGT
CEJ61593.1	CEJ61593	Prokaryota	Opisthokonta	nexus	iHGT
CEO58473.1	CEO58473	Prokaryota	Opisthokonta	nexus	iHGT
OKP10655.1	OKP10655	Prokaryota	Opisthokonta	nexus	iHGT
KGO55260.1	KGO55260	Prokaryota	Opisthokonta	nexus	iHGT
CEJ62828.1	CEJ62828	Prokaryota	Opisthokonta	nexus	iHGT
KXG49681.1	KXG49681	Prokaryota	Opisthokonta	nexus	iHGT
KZZ87186.1	KZZ87186	Prokaryota	Opisthokonta	nexus	Patchy_phylogeny
OGE47479.1	OGE47479	Prokaryota	Opisthokonta	nexus	iHGT
OGE54967.1	OGE54967	Prokaryota	Opisthokonta	nexus	iHGT
OQE32363.1	OQE32363	Prokaryota	Opisthokonta	nexus	iHGT
OKO99005.1	OKO99005	Prokaryota	Opisthokonta	nexus	iHGT
OQD60890.1	OQD60890	Prokaryota	Opisthokonta	nexus	iHGT
OQD75660.1	OQD75660	Prokaryota	Opisthokonta	nexus	Patchy_phylogeny
OQE15413.1	OQE15413	Prokaryota	Opisthokonta	nexus	iHGT
OQE22296.1	OQE22296	Prokaryota	Opisthokonta	nexus	iHGT
OQE15702.1	OQE15702	Prokaryota	Opisthokonta	nexus	iHGT
OQE21547.1	OQE21547	Prokaryota	Opisthokonta	nexus	iHGT
OQE22264.1	OQE22264	Prokaryota	Opisthokonta	nexus	iHGT
OQE23018.1	OQE23018	Prokaryota	Opisthokonta	nexus	iHGT
OQE93039.1	OQE93039	Prokaryota	Opisthokonta	nexus	iHGT
OQE83802.1	OQE83802	Prokaryota	Opisthokonta	nexus	iHGT
OQD91040.1	OQD91040	Prokaryota	Opisthokonta	nexus	Limited_donor_evidence
OQE68328.1	OQE68328	Prokaryota	Opisthokonta	nexus	Limited_donor_evidence
KGO68423.1	KGO68423	Prokaryota	Opisthokonta	nexus	iHGT
OQE44772.1	OQE44772	Prokaryota	Opisthokonta	nexus	iHGT
OQE06907.1	OQE06907	Prokaryota	Opisthokonta	nexus	iHGT
OQE38039.1	OQE38039	Prokaryota	Opisthokonta	nexus	iHGT
OQE26131.1	OQE26131	Prokaryota	Opisthokonta	nexus	iHGT
OQE38437.1	OQE38437	Prokaryota	Opisthokonta	nexus	iHGT
OKO94676.1	OKO94676	Prokaryota	Opisthokonta	nexus	iHGT
OQE11321.1	OQE11321	Prokaryota	Opisthokonta	nexus	iHGT
QOD95024.1	QOD95024	Prokaryota	Opisthokonta	nexus	NoHGT
QOD95011.1	QOD95011	Prokaryota	Opisthokonta	nexus	NoHGT
QOD95012.1	QOD95012	Prokaryota	Opisthokonta	nexus	NoHGT
KAA8567505.1	KAA8567505	Prokaryota	Opisthokonta	nexus	Limited_donor_evidence
XP_001816541.3	XP_001816541	Prokaryota	Opisthokonta	nexus	iHGT
XP_001825019.1	XP_001825019	Prokaryota	Opisthokonta	nexus	NoHGT
XP_664043.1	XP_664043	Prokaryota	Opisthokonta	nexus	NoHGT
XP_001823103.1	XP_001823103	Prokaryota	Opisthokonta	nexus	NoHGT
XP_011322121.1	XP_011322121	Prokaryota	Opisthokonta	nexus	NoHGT
XP_001819933.3	XP_001819933	Prokaryota	Opisthokonta	nexus	iHGT
XP_011326303.1	XP_011326303	Prokaryota	Opisthokonta	nexus	NoHGT
XP_011327214.1	XP_011327214	Prokaryota	Opisthokonta	nexus	NoHGT
XP_011316833.1	XP_011316833	Prokaryota	Opisthokonta	nexus	NoHGT
XP_007825874.1	XP_007825874	Prokaryota	Opisthokonta	nexus	iHGT
XP_003174566.1	XP_003174566	Prokaryota	Opisthokonta	nexus	NoHGT
WP_012813080.1	WP_012813080	Prokaryota	Opisthokonta	nexus	iHGT
WP_015745890.1	WP_015745890	Prokaryota	Opisthokonta	nexus	iHGT
XP_001940400.1	XP_001940400	Prokaryota	Opisthokonta	nexus	NoHGT
XP_001940578.1	XP_001940578	Prokaryota	Opisthokonta	nexus	NoHGT
XP_001942153.1	XP_001942153	Prokaryota	Opisthokonta	nexus	Limited_donor_evidence
XP_001930965.1	XP_001930965	Prokaryota	Opisthokonta	nexus	NoHGT
XP_001932301.1	XP_001932301	Prokaryota	Opisthokonta	nexus	Limited_donor_evidence
XP_001935333.1	XP_001935333	Prokaryota	Opisthokonta	nexus	Limited_donor_evidence
XP_001935567.1	XP_001935567	Prokaryota	Opisthokonta	nexus	NoHGT
XP_001937843.1	XP_001937843	Prokaryota	Opisthokonta	nexus	iHGT
XP_001938001.1	XP_001938001	Prokaryota	Opisthokonta	nexus	NoHGT
XP_001938894.1	XP_001938894	Prokaryota	Opisthokonta	nexus	Limited_donor_evidence
AAA33311.1	AAA33311	Prokaryota	Opisthokonta	nexus	Limited_donor_evidence
EDR02747.1	EDR02747	Archaeplastida	Opisthokonta	nexus	multiple_MC
ABK92591.1	ABK92591	Archaeplastida	Opisthokonta	nexus	iHGT
EDN23584.1	EDN23584	Archaeplastida	Opisthokonta	nexus	iHGT
ACO24516.1	ACO24516	Archaeplastida	Opisthokonta	nexus	NoHGT
ACB56927.1	ACB56927	Archaeplastida	Opisthokonta	nexus	iHGT
AEZ51611.1	AEZ51611	Archaeplastida	Opisthokonta	nexus	iHGT
AGI63878.1	AGI63878	Archaeplastida	Opisthokonta	nexus	Patchy_phylogeny
AGI63879.1	AGI63879	Archaeplastida	Opisthokonta	nexus	iHGT
EFQ30434.1	EFQ30434	Archaeplastida	Opisthokonta	nexus	iHGT
XP_001937221.1	XP_001937221	Archaeplastida	Opisthokonta	nexus	Patchy_phylogeny
XP_001937118.1	XP_001937118	Archaeplastida	Opisthokonta	nexus	iHGT
XP_008094454.1	XP_008094454	Archaeplastida	Opisthokonta	nexus	iHGT
XP_001907063.1	XP_001907063	Archaeplastida	Opisthokonta	nexus	Patchy_phylogeny
OAL68310.1	OAL68310	Prokaryota	Opisthokonta	nexus	Limited_donor_evidence
EFY94139.1	EFY94139	Prokaryota	Opisthokonta	nexus	NoHGT
EFZ00744.1	EFZ00744	Prokaryota	Opisthokonta	nexus	NoHGT
AIS88351.1	AIS88351	Prokaryota	Opisthokonta	nexus	iHGT
AAL66352.2	AAL66352	Prokaryota	Opisthokonta	nexus	NoHGT
XP_001796568.1	XP_001796568	Prokaryota	Opisthokonta	nexus	Limited_donor_evidence
XP_380260.1	XP_380260	Prokaryota	Opisthokonta	nexus	Limited_donor_evidence
XP_001934409.1	XP_001934409	Prokaryota	Opisthokonta	nexus	Limited_donor_evidence
XP_001935182.1	XP_001935182	Prokaryota	Opisthokonta	nexus	Limited_donor_evidence
XP_001802570.1	XP_001802570	Prokaryota	Opisthokonta	nexus	NoHGT
XP_001794995.1	XP_001794995	Prokaryota	Opisthokonta	nexus	NoHGT
XP_001550399.1	XP_001550399	Prokaryota	Opisthokonta	nexus	iHGT
ENH62353.1	ENH62353	Prokaryota	Opisthokonta	nexus	iHGT
XP_001558417.1	XP_001558417	Archaeplastida	Opisthokonta	nexus	iHGT
ELA38265.1	ELA38265	Archaeplastida	Opisthokonta	nexus	iHGT
